Date,Close,High,Low,Open,Volume
2015-01-02,56.4199981689453,58.2200012207031,55.5200004577637,57.6300010681152,16707
2015-01-05,53.1100006103516,56.2900009155273,52.6699981689453,56.2900009155273,30065
2015-01-06,51.0999984741211,53.5200004577637,50.5299987792969,53.2299995422363,35494
2015-01-07,51.1500015258789,51.8400001525879,49.6800003051758,51.060001373291,37082
2015-01-08,50.9599990844727,51.8899993896484,49.8199996948242,51.0,29469
2015-01-09,50.1100006103516,51.560001373291,48.9000015258789,51.25,48123
2015-01-12,47.4300003051758,49.8899993896484,47.1699981689453,49.8899993896484,29297
2015-01-13,46.5900001525879,47.2700004577637,45.2299995422363,47.2700004577637,33516
2015-01-14,48.689998626709,49.0699996948242,45.6399993896484,46.8499984741211,17863
2015-01-15,47.6699981689453,50.3300018310547,46.9300003051758,48.25,2088
2015-01-16,47.689998626709,,,,29134
2015-01-20,47.9900016784668,50.3199996948242,47.7999992370606,50.2000007629395,33926
2015-01-21,49.0299987792969,49.5900001525879,48.2000007629395,48.2599983215332,28618
2015-01-22,48.5200004577637,50.439998626709,47.5200004577637,48.7700004577637,33790
2015-01-23,48.7900009155273,50.0999984741211,48.5800018310547,49.1800003051758,29460
2015-01-26,48.1599998474121,49.2700004577637,47.5999984741211,48.7099990844727,25814
2015-01-27,49.5999984741211,49.9799995422363,47.689998626709,48.2799987792969,25318
2015-01-28,48.4700012207031,49.7099990844727,48.3199996948242,48.939998626709,29379
2015-01-29,49.1300010681152,49.2700004577637,48.4000015258789,48.6100006103516,26641
2015-01-30,52.9900016784668,53.060001373291,48.7999992370606,49.1199989318848,35139
2015-02-02,54.75,55.7000007629395,51.4099998474121,52.6599998474121,43658
2015-02-03,57.9099998474121,58.9900016784668,54.8499984741211,55.0499992370606,55610
2015-02-04,54.1599998474121,58.0499992370606,53.5,57.0,42937
2015-02-05,56.5699996948242,57.8499984741211,52.9500007629395,54.8499984741211,48325
2015-02-06,57.7999992370606,59.0299987792969,56.7900009155273,57.3499984741211,38508
2015-02-09,58.3400001525879,59.560001373291,57.3499984741211,58.560001373291,35734
2015-02-10,56.4300003051758,58.5400009155273,56.0999984741211,58.0099983215332,23490
2015-02-11,54.6599998474121,56.9599990844727,53.9500007629395,56.8800010681152,25029
2015-02-12,57.0499992370606,57.3899993896484,55.0,55.0900001525879,961
2015-02-13,57.3899993896484,,,,36448
2015-02-17,62.5299987792969,63.0299987792969,60.2799987792969,61.7799987792969,40754
2015-02-18,60.5299987792969,62.3899993896484,59.2599983215332,62.2000007629395,24334
2015-02-19,60.2099990844727,60.9700012207031,57.7999992370606,59.2599983215332,39699
2015-02-20,60.2200012207031,61.1300010681152,59.8899993896484,60.0999984741211,33712
2015-02-23,58.9000015258789,60.6399993896484,58.3800010681152,60.0999984741211,42658
2015-02-24,58.6599998474121,60.310001373291,58.1199989318848,59.0900001525879,37567
2015-02-25,61.6300010681152,62.1300010681152,58.4099998474121,58.7000007629395,34789
2015-02-26,60.0499992370606,62.6300010681152,59.6500015258789,62.4700012207031,31062
2015-02-27,62.5800018310547,62.810001373291,60.7000007629395,60.7999992370606,30548
2015-03-02,59.5400009155273,62.4000015258789,59.3600006103516,62.25,36182
2015-03-03,61.0200004577637,61.810001373291,59.8699989318848,60.0,35924
2015-03-04,60.5499992370606,60.9099998474121,59.4900016784668,60.7099990844727,29920
2015-03-05,60.4799995422363,61.5499992370606,60.0800018310547,60.4799995422363,29245
2015-03-06,59.7299995422363,61.2000007629395,59.1800003051758,61.0299987792969,22107
2015-03-09,58.5299987792969,60.0299987792969,58.4000015258789,59.7299995422363,21968
2015-03-10,56.3899993896484,58.7299995422363,56.1300010681152,58.4000015258789,24701
2015-03-11,57.5400009155273,57.9199981689453,55.9300003051758,56.2099990844727,23434
2015-03-12,57.0800018310547,58.7900009155273,56.5200004577637,57.939998626709,16466
2015-03-13,54.6699981689453,57.2599983215332,54.439998626709,57.2599983215332,11914
2015-03-16,53.439998626709,54.6199989318848,52.5800018310547,54.2700004577637,510
2015-03-17,53.4300003051758,,,,25633
2015-03-18,55.9099998474121,56.8499984741211,52.7000007629395,53.3300018310547,23370
2015-03-19,54.4300003051758,56.5400009155273,53.9199981689453,56.0,19163
2015-03-20,55.3199996948242,55.6800003051758,53.5699996948242,54.6399993896484,17597
2015-03-23,55.9199981689453,56.189998626709,54.1599998474121,55.3400001525879,20185
2015-03-24,55.1100006103516,56.7900009155273,54.8699989318848,55.9599990844727,16166
2015-03-25,56.4799995422363,57.1599998474121,54.7299995422363,55.2299995422363,25158
2015-03-26,59.189998626709,59.7400016784668,56.3800010681152,56.3800010681152,32679
2015-03-27,56.4099998474121,59.0099983215332,55.9500007629395,59.0,23801
2015-03-30,56.2900009155273,56.6500015258789,55.189998626709,56.0800018310547,21505
2015-03-31,55.1100006103516,56.3699989318848,54.7099990844727,56.3699989318848,21606
2015-04-01,57.0999984741211,57.689998626709,54.689998626709,55.1100006103516,27858
2015-04-02,54.9500007629395,57.2400016784668,54.0,56.7000007629395,28427
2015-04-06,58.1199989318848,58.25,54.7900009155273,54.8899993896484,14071
2015-04-07,59.0999984741211,59.2700004577637,57.0400009155273,57.7000007629395,23259
2015-04-08,55.5499992370606,58.7099990844727,55.4700012207031,58.2200012207031,24755
2015-04-09,56.5699996948242,58.0400009155273,56.0099983215332,56.0699996948242,20538
2015-04-10,57.8699989318848,58.1300010681152,56.2900009155273,56.7400016784668,16883
2015-04-13,57.9300003051758,59.5299987792969,57.4599990844727,57.9500007629395,14746
2015-04-14,58.4300003051758,59.1399993896484,57.7999992370606,58.2400016784668,15993
2015-04-15,60.3199996948242,60.3199996948242,58.8400001525879,58.8400001525879,823
2015-04-16,60.4000015258789,,,,26829
2015-04-17,63.4500007629395,64.4899978637695,62.9300003051758,63.9300003051758,18872
2015-04-20,63.4500007629395,64.3399963378906,62.0999984741211,63.9000015258789,18561
2015-04-21,62.0800018310547,63.4700012207031,61.6599998474121,63.3600006103516,16815
2015-04-22,62.7299995422363,63.310001373291,61.4099998474121,61.9199981689453,19144
2015-04-23,64.8499984741211,65.5899963378906,62.2099990844727,62.8199996948242,32671
2015-04-24,65.2799987792969,65.7699966430664,64.5,64.870002746582,20163
2015-04-27,64.8300018310547,65.5699996948242,64.4100036621094,65.4899978637695,17993
2015-04-28,64.6399993896484,65.4800033569336,63.9099998474121,64.5899963378906,18757
2015-04-29,65.8399963378906,66.7099990844727,64.1600036621094,64.4899978637695,23625
2015-04-30,66.7799987792969,66.9400024414063,65.4400024414063,65.5400009155273,26652
2015-05-01,66.4599990844727,66.879997253418,65.5299987792969,66.6500015258789,19131
2015-05-04,66.4499969482422,67.0899963378906,65.9599990844727,66.4300003051758,15798
2015-05-05,67.5199966430664,68.3899993896484,66.2399978637695,66.4100036621094,33003
2015-05-06,67.7699966430664,69.5999984741211,67.370002746582,67.6699981689453,34300
2015-05-07,65.5400009155273,68.4599990844727,65.1800003051758,67.3000030517578,23841
2015-05-08,65.3899993896484,66.0999984741211,64.25,65.6500015258789,37090
2015-05-11,64.9100036621094,65.6900024414063,64.2900009155273,65.3099975585938,20593
2015-05-12,66.8600006103516,67.2699966430664,64.6800003051758,64.6999969482422,24717
2015-05-13,66.8099975585938,68.1500015258789,66.3899993896484,67.1999969482422,13803
2015-05-14,66.5899963378906,67.2099990844727,66.0500030517578,66.2300033569336,447
2015-05-15,66.5699996948242,,,,14466
2015-05-18,66.2699966430664,67.8899993896484,65.9300003051758,66.870002746582,14256
2015-05-19,64.0199966430664,66.2699966430664,63.9599990844727,66.2399978637695,23142
2015-05-20,65.0299987792969,65.1699981689453,64.1800003051758,64.4899978637695,15742
2015-05-21,66.5400009155273,66.8600006103516,64.9800033569336,64.9899978637695,22573
2015-05-22,65.370002746582,66.5899963378906,65.0899963378906,66.5699996948242,15935
2015-05-26,63.7200012207031,66.2200012207031,63.2799987792969,65.5800018310547,19097
2015-05-27,62.060001373291,64.6600036621094,61.9700012207031,63.8800010681152,21550
2015-05-28,62.5800018310547,62.9500007629395,61.2700004577637,62.3800010681152,21318
2015-05-29,65.5599975585938,65.8300018310547,62.689998626709,63.0900001525879,24899
2015-06-01,64.879997253418,65.7399978637695,64.25,65.4000015258789,20587
2015-06-02,65.4899978637695,65.8499984741211,64.5800018310547,64.8099975585938,23176
2015-06-03,63.7999992370606,65.3899993896484,63.4599990844727,65.3899993896484,23281
2015-06-04,62.0299987792969,64.0800018310547,61.7999992370606,63.8199996948242,20041
2015-06-05,63.310001373291,63.4199981689453,60.939998626709,62.0999984741211,24912
2015-06-08,62.689998626709,63.3199996948242,62.4700012207031,62.9000015258789,18851
2015-06-09,64.879997253418,65.1999969482422,62.7999992370606,62.8800010681152,23651
2015-06-10,65.6999969482422,66.3499984741211,64.9199981689453,65.1399993896484,27640
2015-06-11,65.1100006103516,66.0400009155273,64.5100021362305,65.5699996948242,12496
2015-06-12,63.8699989318848,64.9199981689453,63.7099990844727,64.9100036621094,11735
2015-06-15,62.6100006103516,63.7200012207031,62.2799987792969,63.439998626709,837
2015-06-16,62.6300010681152,,,,22148
2015-06-17,63.8699989318848,65.4599990844727,62.5800018310547,63.6699981689453,30479
2015-06-18,64.2600021362305,64.9499969482422,63.4500007629395,63.7900009155273,18570
2015-06-19,63.0200004577637,64.5400009155273,62.3499984741211,64.0699996948242,19112
2015-06-22,63.3400001525879,63.7299995422363,62.0999984741211,62.810001373291,22360
2015-06-23,64.4499969482422,64.9499969482422,62.7599983215332,63.3300018310547,25137
2015-06-24,63.4900016784668,65.0599975585938,63.0200004577637,64.6800003051758,25722
2015-06-25,63.2000007629395,63.9300003051758,62.7299995422363,63.560001373291,19341
2015-06-26,63.2599983215332,63.6199989318848,62.4799995422363,63.2799987792969,19797
2015-06-29,62.0099983215332,62.9599990844727,61.3600006103516,62.6500015258789,28570
2015-06-30,63.5900001525879,63.8199996948242,61.7200012207031,61.9799995422363,28326
2015-07-01,62.0099983215332,63.3499984741211,61.8400001525879,63.0699996948242,34865
2015-07-02,62.0699996948242,63.189998626709,61.7599983215332,62.0800018310547,28960
2015-07-06,56.5400009155273,60.3400001525879,56.3899993896484,60.3400001525879,44988
2015-07-07,56.8499984741211,57.8300018310547,55.0999984741211,57.0200004577637,48111
2015-07-08,57.0499992370606,57.75,55.8800010681152,57.4799995422363,43120
2015-07-09,58.6100006103516,59.25,56.939998626709,57.25,45873
2015-07-10,58.7299995422363,59.6800003051758,57.8699989318848,58.2700004577637,27423
2015-07-13,57.8499984741211,58.8300018310547,56.8499984741211,58.2599983215332,31544
2015-07-14,58.5099983215332,58.7400016784668,56.4300003051758,57.6399993896484,25176
2015-07-15,57.0499992370606,58.7599983215332,56.939998626709,58.7000007629395,9759
2015-07-16,57.5099983215332,58.3400001525879,57.189998626709,57.3800010681152,935
2015-07-17,57.5200004577637,,,,18931
2015-07-20,56.6500015258789,57.4300003051758,56.3400001525879,57.0900001525879,20026
2015-07-21,57.0400009155273,57.4300003051758,56.3400001525879,56.5099983215332,24714
2015-07-22,56.1300010681152,56.8899993896484,55.939998626709,56.8400001525879,25241
2015-07-23,55.2700004577637,56.5200004577637,55.0900001525879,55.9500007629395,28668
2015-07-24,54.6199989318848,55.5900001525879,54.2999992370606,55.4700012207031,23004
2015-07-27,53.4700012207031,54.8600006103516,52.8199996948242,54.4500007629395,27516
2015-07-28,53.2999992370606,54.0699996948242,52.2999992370606,53.0,38323
2015-07-29,53.3800010681152,54.3199996948242,52.5200004577637,53.0099983215332,46631
2015-07-30,53.310001373291,54.3600006103516,53.0299987792969,53.560001373291,33368
2015-07-31,52.2099990844727,53.6399993896484,51.6399993896484,53.5,30224
2015-08-03,49.5200004577637,51.9700012207031,49.3699989318848,51.9599990844727,40476
2015-08-04,49.9900016784668,50.4500007629395,49.6599998474121,49.7299995422363,25495
2015-08-05,49.5900001525879,51.0299987792969,49.0299987792969,50.1500015258789,43403
2015-08-06,49.5200004577637,49.8199996948242,48.8800010681152,49.6599998474121,37183
2015-08-07,48.6100006103516,50.0499992370606,48.4300003051758,49.6399993896484,36781
2015-08-10,50.4099998474121,50.4900016784668,48.0800018310547,48.2200012207031,25425
2015-08-11,49.1800003051758,51.0999984741211,48.6199989318848,50.2299995422363,29670
2015-08-12,49.6599998474121,50.0200004577637,48.7599983215332,49.2000007629395,21347
2015-08-13,49.2200012207031,50.3499984741211,48.8600006103516,49.8499984741211,18543
2015-08-14,49.0299987792969,49.6199989318848,48.7299995422363,49.0499992370606,392
2015-08-17,49.0299987792969,,,,17487
2015-08-18,48.810001373291,49.0299987792969,48.2400016784668,48.5099983215332,16384
2015-08-19,47.1599998474121,49.0999984741211,46.7900009155273,48.7099990844727,25829
2015-08-20,46.6199989318848,47.3699989318848,46.0400009155273,47.0499992370606,21904
2015-08-21,45.4599990844727,46.5,45.0800018310547,46.1199989318848,29553
2015-08-24,42.689998626709,45.4500007629395,42.2200012207031,45.3499984741211,38819
2015-08-25,43.2099990844727,44.4900016784668,42.6699981689453,42.7900009155273,37063
2015-08-26,43.1399993896484,43.7599983215332,42.8199996948242,43.439998626709,37502
2015-08-27,47.560001373291,47.7299995422363,43.7099990844727,43.7099990844727,41974
2015-08-28,50.0499992370606,50.9799995422363,46.6199989318848,47.4900016784668,46963
2015-08-31,54.1500015258789,54.2900009155273,48.2400016784668,49.8600006103516,42864
2015-09-01,49.560001373291,53.4599990844727,48.4799995422363,52.7799987792969,47532
2015-09-02,50.5,51.0099983215332,47.7299995422363,48.5,49127
2015-09-03,50.6800003051758,52.4500007629395,49.8300018310547,50.4000015258789,38231
2015-09-04,49.6100006103516,51.0400009155273,49.2599983215332,50.8899993896484,23953
2015-09-08,49.5200004577637,49.8499984741211,47.6199989318848,49.2200012207031,34271
2015-09-09,47.5800018310547,50.0299987792969,47.439998626709,49.3800010681152,22039
2015-09-10,48.8899993896484,48.9700012207031,46.8199996948242,47.5200004577637,23873
2015-09-11,48.1399993896484,48.9599990844727,47.1800003051758,48.6599998474121,14408
2015-09-14,46.3699989318848,48.3199996948242,46.2900009155273,48.1500015258789,13286
2015-09-15,46.6300010681152,46.8800010681152,46.1599998474121,46.25,313
2015-09-16,46.6100006103516,,,,29740
2015-09-17,49.0800018310547,50.1399993896484,48.3300018310547,49.939998626709,25780
2015-09-18,47.4700012207031,49.7999992370606,47.1699981689453,49.2099990844727,20464
2015-09-21,48.9199981689453,48.9799995422363,47.5499992370606,47.5900001525879,18265
2015-09-22,49.0800018310547,49.2099990844727,47.7000007629395,48.5200004577637,17143
2015-09-23,47.75,50.2599983215332,47.6699981689453,49.0499992370606,22344
2015-09-24,48.1699981689453,48.4700012207031,47.4000015258789,47.9599990844727,21355
2015-09-25,48.5999984741211,49.1800003051758,47.8499984741211,48.1300010681152,18510
2015-09-28,47.3400001525879,48.3899993896484,47.2599983215332,48.3400001525879,17889
2015-09-29,48.2299995422363,48.6399993896484,47.2099990844727,47.2099990844727,15186
2015-09-30,48.3699989318848,49.0,47.810001373291,47.9300003051758,23384
2015-10-01,47.689998626709,49.8400001525879,47.6399993896484,48.3800010681152,23765
2015-10-02,48.1300010681152,48.4900016784668,46.939998626709,48.060001373291,21721
2015-10-05,49.25,49.8600006103516,47.8899993896484,48.25,19936
2015-10-06,51.9199981689453,52.2599983215332,48.8600006103516,49.2700004577637,27925
2015-10-07,51.3300018310547,53.1399993896484,51.2200012207031,51.4900016784668,28754
2015-10-08,53.0499992370606,53.560001373291,51.2900009155273,51.810001373291,28101
2015-10-09,52.6500015258789,54.0499992370606,52.2299995422363,53.2700004577637,32991
2015-10-12,49.8600006103516,53.2999992370606,49.7799987792969,52.6100006103516,30617
2015-10-13,49.2400016784668,50.689998626709,48.9000015258789,50.2999992370606,18780
2015-10-14,49.1500015258789,49.5,48.7299995422363,49.1699981689453,8412
2015-10-15,48.7099990844727,49.3600006103516,48.25,49.2900009155273,342
2015-10-16,48.7299995422363,,,,21575
2015-10-19,48.6100006103516,50.6399993896484,48.5800018310547,50.560001373291,18932
2015-10-20,48.7099990844727,49.189998626709,48.2200012207031,48.9900016784668,25631
2015-10-21,47.8499984741211,48.6599998474121,47.5299987792969,48.4900016784668,20633
2015-10-22,48.0800018310547,48.7299995422363,47.6399993896484,48.0200004577637,18472
2015-10-23,47.9900016784668,48.6399993896484,47.439998626709,48.2599983215332,22871
2015-10-26,47.5400009155273,48.310001373291,47.2999992370606,47.9099998474121,15230
2015-10-27,46.810001373291,47.5400009155273,46.4099998474121,47.5200004577637,19347
2015-10-28,49.0499992370606,49.2299995422363,46.6100006103516,46.8899993896484,32294
2015-10-29,48.7999992370606,49.4000015258789,48.1699981689453,49.1300010681152,23743
2015-10-30,49.560001373291,50.0,48.2999992370606,48.5400009155273,22329
2015-11-02,48.7900009155273,49.6800003051758,48.5999984741211,49.4599990844727,19352
2015-11-03,50.5400009155273,50.9199981689453,48.4799995422363,48.8899993896484,31478
2015-11-04,48.5800018310547,50.8600006103516,48.5,50.3899993896484,35211
2015-11-05,47.9799995422363,49.0,47.939998626709,48.939998626709,26058
2015-11-06,47.4199981689453,48.5699996948242,47.2599983215332,48.0900001525879,24275
2015-11-09,47.189998626709,48.4000015258789,47.0200004577637,47.4900016784668,19896
2015-11-10,47.439998626709,47.8499984741211,46.9500007629395,47.3899993896484,24475
2015-11-11,45.810001373291,47.7400016784668,45.6300010681152,47.1199989318848,23241
2015-11-12,44.060001373291,46.1800003051758,44.0200004577637,45.8600006103516,13932
2015-11-13,43.6100006103516,44.8400001525879,43.5999984741211,44.0400009155273,687
2015-11-16,43.5800018310547,,,,35040
2015-11-17,43.5699996948242,45.0999984741211,43.5,44.7200012207031,29198
2015-11-18,44.1399993896484,44.7299995422363,43.3499984741211,43.9700012207031,28751
2015-11-19,44.1800003051758,44.7599983215332,43.7000007629395,44.2799987792969,23334
2015-11-20,44.6599998474121,45.5,44.060001373291,44.2999992370606,29144
2015-11-23,44.8300018310547,45.7200012207031,43.5800018310547,44.3499984741211,38534
2015-11-24,46.1199989318848,46.5,44.939998626709,45.1599998474121,32819
2015-11-25,46.1699981689453,46.4799995422363,45.0200004577637,45.9900016784668,29899
2015-11-27,44.8600006103516,46.2900009155273,44.7999992370606,46.2700004577637,23430
2015-11-30,44.6100006103516,45.7400016784668,44.4500007629395,44.8499984741211,29255
2015-12-01,44.439998626709,45.1699981689453,44.0200004577637,44.6100006103516,35190
2015-12-02,42.4900016784668,44.6199989318848,42.439998626709,44.3400001525879,43813
2015-12-03,43.8400001525879,44.689998626709,42.6300010681152,42.7700004577637,40848
2015-12-04,43.0,44.8199996948242,42.6800003051758,44.1199989318848,43809
2015-12-07,40.7299995422363,43.2200012207031,40.5999984741211,43.2200012207031,39060
2015-12-08,40.2599983215332,41.4500007629395,39.8199996948242,40.8899993896484,43430
2015-12-09,40.1100006103516,41.5699996948242,39.5900001525879,40.5400009155273,54288
2015-12-10,39.7299995422363,40.6699981689453,39.4500007629395,40.4300003051758,36499
2015-12-11,37.9300003051758,39.7400016784668,37.3600006103516,39.6199989318848,31092
2015-12-14,37.9199981689453,38.4099998474121,36.3800010681152,37.810001373291,12552
2015-12-15,38.4500007629395,39.4000015258789,37.5699996948242,37.8400001525879,8075
2015-12-16,37.189998626709,38.2000007629395,37.1100006103516,38.1500015258789,1118
2015-12-17,37.1800003051758,,,,24297
2015-12-18,36.8800010681152,37.7200012207031,36.4099998474121,36.8499984741211,30194
2015-12-21,36.3499984741211,36.810001373291,36.0400009155273,36.6199989318848,22041
2015-12-22,36.1100006103516,36.7200012207031,35.9900016784668,36.3199996948242,22874
2015-12-23,37.3600006103516,37.8899993896484,36.2999992370606,36.4199981689453,28728
2015-12-24,37.8899993896484,38.0999984741211,36.9300003051758,37.7299995422363,12069
2015-12-28,36.6199989318848,37.9700012207031,36.4199981689453,37.8199996948242,11717
2015-12-29,37.7900009155273,37.9700012207031,36.5499992370606,36.5499992370606,19524
2015-12-30,36.4599990844727,37.5400009155273,36.3600006103516,37.4099998474121,18092
2015-12-31,37.2799987792969,37.9500007629395,36.1100006103516,36.6699981689453,17689
2016-01-04,37.2200012207031,38.9900016784668,36.7799987792969,37.4000015258789,41288
2016-01-05,36.4199981689453,37.5699996948242,36.25,37.3199996948242,29327
2016-01-06,34.2299995422363,36.7200012207031,34.1399993896484,36.7200012207031,43019
2016-01-07,33.75,34.7299995422363,32.1800003051758,34.5200004577637,44381
2016-01-08,33.5499992370606,34.7299995422363,32.7900009155273,33.7999992370606,39985
2016-01-11,31.5499992370605,33.3800010681152,31.2000007629395,33.1599998474121,38666
2016-01-12,30.8600006103516,32.3800010681152,30.3600006103516,30.8799991607666,20138
2016-01-13,30.3099994659424,31.9899997711182,29.9599990844727,31.6900005340576,9674
2016-01-14,31.0300006866455,31.2000007629395,30.0200004577637,30.5,663
2016-01-15,31.0100002288818,,,,37163
2016-01-19,28.7600002288818,30.3199996948242,27.6700000762939,28.7999992370605,60326
2016-01-20,27.8799991607666,28.9699993133545,27.1100006103516,28.9400005340576,39000
2016-01-21,29.25,29.8299999237061,27.2999992370605,27.9500007629395,55017
2016-01-22,32.1800003051758,32.2900009155273,29.2999992370605,29.6800003051758,63281
2016-01-25,30.5,32.7999992370606,30.0,32.1800003051758,41320
2016-01-26,31.7999992370605,32.7200012207031,29.2800006866455,30.0,50983
2016-01-27,33.0999984741211,33.5,30.8400001525879,31.0300006866455,51381
2016-01-28,33.8899993896484,35.8300018310547,32.5800018310547,32.9099998474121,59667
2016-01-29,34.7400016784668,35.0,33.6100006103516,34.1699981689453,678
2016-02-01,34.689998626709,,,,36878
2016-02-02,32.7200012207031,34.3199996948242,32.2400016784668,34.2400016784668,37956
2016-02-03,35.0400009155273,35.4799995422363,32.310001373291,32.560001373291,51237
2016-02-04,34.4599990844727,35.8199996948242,34.1599998474121,35.25,37559
2016-02-05,34.060001373291,35.1300010681152,33.810001373291,34.439998626709,34903
2016-02-08,32.8800010681152,34.6699981689453,32.7799987792969,33.9500007629395,27425
2016-02-09,30.3199996948242,33.5499992370606,30.2800006866455,33.0800018310547,28881
2016-02-10,30.8400001525879,31.8999996185303,30.3600006103516,30.8899993896484,30705
2016-02-11,30.0599994659424,31.3500003814697,29.9400005340576,30.8899993896484,35929
2016-02-12,33.3600006103516,33.4300003051758,30.8700008392334,31.1499996185303,44770
2016-02-16,32.1800003051758,35.5299987792969,31.9400005340576,32.7299995422363,48407
2016-02-17,34.5,34.9599990844727,31.8400001525879,32.3699989318848,40298
2016-02-18,34.2799987792969,35.7299995422363,33.7999992370606,34.9099998474121,33585
2016-02-19,33.0099983215332,34.439998626709,32.6800003051758,34.0400009155273,32381
2016-02-22,34.689998626709,34.9700012207031,32.8199996948242,33.1199989318848,28302
2016-02-23,33.2700004577637,35.1100006103516,32.9300003051758,34.5400009155273,41038
2016-02-24,34.4099998474121,34.6599998474121,32.3699989318848,32.9900016784668,48659
2016-02-25,35.2900009155273,35.7299995422363,33.2999992370606,34.4300003051758,25470
2016-02-26,35.0999984741211,36.9900016784668,34.8499984741211,35.0900001525879,16272
2016-02-29,35.9700012207031,36.2099990844727,34.8899993896484,35.1399993896484,2779
2016-03-01,35.9599990844727,,,,28210
2016-03-02,36.9300003051758,37.3800010681152,36.1100006103516,36.560001373291,32186
2016-03-03,37.0699996948242,37.3600006103516,36.3600006103516,37.0299987792969,25866
2016-03-04,38.7200012207031,38.9799995422363,36.8300018310547,36.9599990844727,32203
2016-03-07,40.8400001525879,41.0400009155273,38.8800010681152,38.9900016784668,33230
2016-03-08,39.6500015258789,41.4799995422363,39.310001373291,40.8400001525879,35047
2016-03-09,41.0699996948242,41.2400016784668,39.4199981689453,39.5200004577637,29231
2016-03-10,40.0499992370606,41.0,39.6500015258789,40.8400001525879,28194
2016-03-11,40.3899993896484,41.0099983215332,40.0299987792969,40.25,22689
2016-03-14,39.5299987792969,40.5499992370606,38.8199996948242,40.2599983215332,31277
2016-03-15,38.7400016784668,39.7700004577637,38.3199996948242,39.7400016784668,24741
2016-03-16,40.3300018310547,40.4199981689453,38.8499984741211,38.9900016784668,31153
2016-03-17,41.5400009155273,41.5900001525879,40.2000007629395,40.2000007629395,32670
2016-03-18,41.2000007629395,42.5400009155273,40.8400001525879,41.3800010681152,36422
2016-03-21,41.5400009155273,41.8699989318848,40.4900016784668,41.2000007629395,24893
2016-03-22,41.7900009155273,42.1199989318848,40.9799995422363,41.5099983215332,31640
2016-03-23,40.4700012207031,41.810001373291,40.4000015258789,41.5699996948242,30553
2016-03-24,40.439998626709,40.6399993896484,39.2200012207031,40.3300018310547,24268
2016-03-28,40.2700004577637,41.0,39.6599998474121,40.5,10405
2016-03-29,39.1399993896484,40.2299995422363,38.7700004577637,40.2099990844727,18903
2016-03-30,39.2599983215332,40.5900001525879,39.1300010681152,39.4000015258789,10641
2016-03-31,39.5999984741211,40.0200004577637,38.8199996948242,39.1100006103516,399
2016-04-01,39.6599998474121,,,,20407
2016-04-04,37.689998626709,38.9099998474121,37.5099983215332,38.6699981689453,24270
2016-04-05,37.8699989318848,38.3899993896484,37.2799987792969,37.439998626709,26655
2016-04-06,39.8400001525879,39.9300003051758,38.2000007629395,38.4000015258789,33370
2016-04-07,39.4300003051758,40.2799987792969,38.7099990844727,39.9300003051758,34351
2016-04-08,41.939998626709,42.0,39.6199989318848,39.7299995422363,32319
2016-04-11,42.8300018310547,43.060001373291,41.4300003051758,42.0699996948242,26930
2016-04-12,44.689998626709,44.7999992370606,42.4300003051758,42.5999984741211,39987
2016-04-13,44.1800003051758,44.9300003051758,43.7700004577637,44.2099990844727,37539
2016-04-14,43.8400001525879,44.5999984741211,43.2999992370606,44.0099983215332,25907
2016-04-15,43.0999984741211,44.060001373291,42.2900009155273,43.8199996948242,30288
2016-04-18,42.9099998474121,43.4099998474121,40.0699996948242,41.75,39238
2016-04-19,44.0299987792969,44.5099983215332,42.5999984741211,43.1199989318848,43258
2016-04-20,45.7999992370606,45.8899993896484,42.8300018310547,43.939998626709,32343
2016-04-21,44.5299987792969,46.1699981689453,44.4599990844727,45.4099998474121,35228
2016-04-22,45.1100006103516,45.8899993896484,44.2999992370606,44.6599998474121,35201
2016-04-25,44.4799995422363,45.5900001525879,44.2700004577637,45.1300010681152,31478
2016-04-26,45.7400016784668,46.4799995422363,44.3800010681152,44.7700004577637,28109
2016-04-27,47.1800003051758,47.439998626709,45.6399993896484,46.2599983215332,17458
2016-04-28,48.1399993896484,48.1800003051758,46.75,47.0099983215332,10505
2016-04-29,48.1300010681152,48.4900016784668,47.4799995422363,47.7700004577637,520
2016-05-02,48.0999984741211,,,,
2016-05-03,46.75,,,,23630
2016-05-04,44.6199989318848,46.0,44.2000007629395,45.2299995422363,28903
2016-05-05,45.0099983215332,46.7700004577637,44.6599998474121,45.0,24432
2016-05-06,45.3699989318848,46.1100006103516,44.1800003051758,45.1699981689453,24512
2016-05-09,43.6300010681152,46.4599990844727,43.4900016784668,45.8699989318848,36293
2016-05-10,45.5200004577637,45.689998626709,43.3400001525879,43.560001373291,32801
2016-05-11,47.5999984741211,47.75,44.8300018310547,45.5299987792969,40873
2016-05-12,48.0800018310547,48.1800003051758,46.7999992370606,47.2799987792969,36256
2016-05-13,47.8300018310547,48.0999984741211,47.2599983215332,47.8199996948242,24243
2016-05-16,48.9700012207031,49.4700012207031,47.7999992370606,47.7999992370606,34770
2016-05-17,49.2799987792969,49.6300010681152,48.5699996948242,49.1100006103516,32460
2016-05-18,48.9300003051758,49.8400001525879,48.4599990844727,49.4300003051758,33480
2016-05-19,48.810001373291,48.8699989318848,47.3899993896484,48.560001373291,33279
2016-05-20,48.7200012207031,49.3400001525879,48.0400009155273,48.7000007629395,26839
2016-05-23,48.3499984741211,48.810001373291,47.5999984741211,48.7599983215332,25366
2016-05-24,48.6100006103516,49.25,47.8199996948242,48.3600006103516,27698
2016-05-25,49.7400016784668,49.9300003051758,48.9000015258789,49.1500015258789,26667
2016-05-26,49.5900001525879,50.5,49.2400016784668,49.7999992370606,24441
2016-05-27,49.3199996948242,49.5400009155273,48.689998626709,49.4599990844727,13383
2016-05-31,49.689998626709,50.0499992370606,48.9300003051758,49.5499992370606,3997
2016-06-01,49.7099990844727,49.7099990844727,49.689998626709,49.689998626709,25507
2016-06-02,50.0400009155273,50.2999992370606,48.8499984741211,49.7400016784668,28156
2016-06-03,49.6399993896484,50.3300018310547,49.2900009155273,49.9500007629395,22460
2016-06-06,50.5499992370606,50.8199996948242,49.7200012207031,49.8199996948242,22446
2016-06-07,51.439998626709,51.5400009155273,50.310001373291,50.4500007629395,21088
2016-06-08,52.5099983215332,52.7999992370606,51.3199996948242,51.4000015258789,22382
2016-06-09,51.9500007629395,52.8499984741211,51.5299987792969,52.6599998474121,19759
2016-06-10,50.5400009155273,52.0800018310547,50.3400001525879,51.9199981689453,19899
2016-06-13,50.3499984741211,50.7799987792969,49.6100006103516,50.3600006103516,18914
2016-06-14,49.8300018310547,50.0499992370606,49.189998626709,50.0099983215332,20904
2016-06-15,48.9700012207031,49.7999992370606,48.3899993896484,49.310001373291,33399
2016-06-16,47.189998626709,48.7700004577637,46.9599990844727,48.5800018310547,26672
2016-06-17,49.1699981689453,49.3899993896484,46.939998626709,47.0200004577637,22172
2016-06-20,50.6500015258789,50.6800003051758,49.2599983215332,49.4799995422363,21739
2016-06-21,50.6199989318848,51.0999984741211,49.4799995422363,50.4599990844727,29249
2016-06-22,49.8800010681152,51.2299995422363,49.189998626709,50.9700012207031,34368
2016-06-23,50.9099998474121,51.0,49.8899993896484,49.9300003051758,31356
2016-06-24,48.4099998474121,51.2299995422363,47.5400009155273,51.2099990844727,52110
2016-06-27,47.1599998474121,48.9099998474121,46.689998626709,48.4099998474121,34439
2016-06-28,48.5800018310547,48.7599983215332,47.4700012207031,47.5499992370606,22475
2016-06-29,50.6100006103516,50.7200012207031,48.6399993896484,48.9199981689453,13050
2016-06-30,49.6800003051758,50.2999992370606,49.5,50.0099983215332,1313
2016-07-01,49.8400001525879,,,,21731
2016-07-05,47.9599990844727,50.7299995422363,47.560001373291,50.7000007629395,37154
2016-07-06,48.7999992370606,49.2999992370606,47.1699981689453,48.1100006103516,33332
2016-07-07,46.4000015258789,49.5999984741211,46.1500015258789,49.1500015258789,37267
2016-07-08,46.7599983215332,47.2299995422363,46.1500015258789,46.5999984741211,24682
2016-07-11,46.25,47.1100006103516,45.9099998474121,46.5299987792969,20339
2016-07-12,48.4700012207031,48.560001373291,46.1199989318848,46.2000007629395,32157
2016-07-13,46.2599983215332,48.2000007629395,46.0900001525879,48.0400009155273,29323
2016-07-14,47.3699989318848,47.4700012207031,46.3499984741211,46.5999984741211,27528
2016-07-15,47.6100006103516,48.0800018310547,46.6599998474121,47.1599998474121,24450
2016-07-18,46.9599990844727,47.8699989318848,46.5,47.7700004577637,22151
2016-07-19,46.6599998474121,47.4799995422363,46.5499992370606,47.0299987792969,20962
2016-07-20,47.1699981689453,47.5,45.9000015258789,46.7200012207031,30188
2016-07-21,46.2000007629395,47.5499992370606,46.0400009155273,47.1599998474121,22328
2016-07-22,45.689998626709,46.4900016784668,45.1800003051758,46.0800018310547,25423
2016-07-25,44.7200012207031,45.8600006103516,44.560001373291,45.7400016784668,19167
2016-07-26,44.8699989318848,44.9799995422363,44.1500015258789,44.7900009155273,26793
2016-07-27,43.4700012207031,44.9099998474121,43.310001373291,44.5499992370606,27266
2016-07-28,42.7000007629395,43.75,42.5800018310547,43.6199989318848,10527
2016-07-29,42.4599990844727,42.7999992370606,41.8199996948242,42.5400009155273,428
2016-08-01,42.4500007629395,,,,21767
2016-08-02,41.7999992370606,43.1699981689453,41.5099983215332,42.2799987792969,23088
2016-08-03,43.0999984741211,43.439998626709,41.5,41.939998626709,30000
2016-08-04,44.2900009155273,44.3300018310547,42.5099983215332,43.3699989318848,25204
2016-08-05,44.2700004577637,44.4900016784668,43.5,44.189998626709,24997
2016-08-08,45.3899993896484,45.7099990844727,44.2400016784668,44.3899993896484,19192
2016-08-09,44.9799995422363,45.7599983215332,44.75,45.1599998474121,18269
2016-08-10,44.0499992370606,45.6699981689453,43.8199996948242,45.0,24646
2016-08-11,46.0400009155273,46.310001373291,43.4599990844727,43.8499984741211,29698
2016-08-12,46.9700012207031,47.25,45.7599983215332,46.1699981689453,23652
2016-08-15,48.3499984741211,48.5299987792969,46.8400001525879,47.1500015258789,21340
2016-08-16,49.2299995422363,49.3499984741211,47.9099998474121,48.2099990844727,27839
2016-08-17,49.8499984741211,49.9900016784668,48.5499992370606,48.9799995422363,39930
2016-08-18,50.8899993896484,51.0499992370606,49.5099983215332,49.7200012207031,28379
2016-08-19,50.8800010681152,51.2200012207031,50.3300018310547,50.8800010681152,25452
2016-08-22,49.1599998474121,50.7400016784668,49.0999984741211,50.7400016784668,27608
2016-08-23,49.9599990844727,50.2000007629395,48.4900016784668,49.2299995422363,36665
2016-08-24,49.0499992370606,49.8600006103516,48.6800003051758,49.4599990844727,41304
2016-08-25,49.6699981689453,49.7799987792969,48.7000007629395,49.0299987792969,31721
2016-08-26,49.9199981689453,50.75,49.1399993896484,49.6599998474121,27534
2016-08-29,49.2599983215332,49.6199989318848,48.9799995422363,49.6199989318848,6703
2016-08-30,48.3699989318848,49.7599983215332,48.2599983215332,49.2999992370606,10607
2016-08-31,47.0400009155273,48.4000015258789,46.9700012207031,48.0200004577637,668
2016-09-01,47.0499992370606,,,,23846
2016-09-02,46.8300018310547,47.0099983215332,45.4199981689453,45.7700004577637,22597
2016-09-06,47.2599983215332,49.3699989318848,46.2999992370606,46.6500015258789,37751
2016-09-07,47.9799995422363,48.5400009155273,46.9700012207031,47.1300010681152,17745
2016-09-08,49.9900016784668,50.1399993896484,48.2099990844727,48.560001373291,30011
2016-09-09,48.0099983215332,49.6800003051758,47.7700004577637,49.6199989318848,18847
2016-09-12,48.3199996948242,48.6199989318848,46.9099998474121,47.7799987792969,18373
2016-09-13,47.0999984741211,48.2099990844727,46.9900016784668,48.1300010681152,21761
2016-09-14,45.8499984741211,47.4700012207031,45.7099990844727,47.2200012207031,28376
2016-09-15,46.5900001525879,47.0,45.689998626709,46.1500015258789,28412
2016-09-16,45.7700004577637,46.4000015258789,45.4799995422363,46.1800003051758,19165
2016-09-19,45.9500007629395,46.9199981689453,45.8600006103516,45.8899993896484,19674
2016-09-20,45.8800010681152,46.2900009155273,45.0900001525879,45.7400016784668,28150
2016-09-21,46.8300018310547,47.1500015258789,46.25,46.25,25248
2016-09-22,47.6500015258789,47.8400001525879,47.0400009155273,47.1199989318848,32336
2016-09-23,45.8899993896484,48.25,45.6699981689453,47.4199981689453,39822
2016-09-26,47.3499984741211,47.6599998474121,45.7400016784668,46.0800018310547,21045
2016-09-27,45.9700012207031,47.2799987792969,45.6399993896484,47.0900001525879,34389
2016-09-28,48.689998626709,48.939998626709,45.7200012207031,46.2999992370606,27630
2016-09-29,49.2400016784668,49.7999992370606,48.0299987792969,48.9599990844727,9721
2016-09-30,49.060001373291,49.2799987792969,48.1800003051758,48.9700012207031,387
2016-10-03,49.0999984741211,,,,27245
2016-10-04,50.8699989318848,51.3499984741211,50.3499984741211,50.5,24858
2016-10-05,51.8600006103516,52.0900001525879,51.2299995422363,51.3800010681152,26124
2016-10-06,52.5099983215332,52.7200012207031,51.3400001525879,51.6800003051758,25994
2016-10-07,51.9300003051758,52.8400001525879,51.3400001525879,52.6699981689453,26575
2016-10-11,52.4099998474121,53.310001373291,52.1199989318848,52.9900016784668,33630
2016-10-12,51.810001373291,52.8499984741211,51.6100006103516,52.6199989318848,24471
2016-10-13,52.0299987792969,52.1500015258789,50.939998626709,51.7200012207031,25642
2016-10-14,51.9500007629395,52.560001373291,51.5,52.0999984741211,22127
2016-10-17,51.5200004577637,52.2799987792969,51.1699981689453,51.9599990844727,26730
2016-10-18,51.6800003051758,52.1199989318848,51.2700004577637,51.689998626709,28432
2016-10-19,52.6699981689453,53.1399993896484,52.0999984741211,52.1300010681152,31624
2016-10-20,51.3800010681152,52.6800003051758,51.1800003051758,52.6300010681152,29822
2016-10-21,51.7799987792969,51.9300003051758,51.1300010681152,51.439998626709,31385
2016-10-24,51.4599990844727,52.0,50.5,51.9599990844727,39723
2016-10-25,50.7900009155273,51.8300018310547,50.2200012207031,51.3499984741211,34420
2016-10-26,49.9799995422363,50.689998626709,49.6599998474121,50.25,50026
2016-10-27,50.4700012207031,50.9000015258789,49.8699989318848,49.9900016784668,21189
2016-10-28,49.7099990844727,50.5699996948242,49.3400001525879,50.310001373291,15283
2016-10-31,48.2999992370606,49.689998626709,47.9900016784668,49.4500007629395,1765
2016-11-01,48.3300018310547,,,,56065
2016-11-02,46.8600006103516,48.0699996948242,46.4799995422363,47.9799995422363,47015
2016-11-03,46.3499984741211,47.5099983215332,46.0,46.9599990844727,33590
2016-11-04,45.5800018310547,46.5400009155273,45.0800018310547,46.3800010681152,54210
2016-11-07,46.1500015258789,46.3800010681152,45.3800010681152,46.0699996948242,30522
2016-11-08,46.0400009155273,46.6800003051758,45.6100006103516,46.2400016784668,33500
2016-11-09,46.3600006103516,46.9500007629395,44.3899993896484,45.9500007629395,53512
2016-11-10,45.8400001525879,46.9099998474121,45.5499992370606,46.5999984741211,35421
2016-11-14,44.4300003051758,44.9799995422363,43.5800018310547,44.6800003051758,37427
2016-11-15,46.9500007629395,47.2599983215332,44.6800003051758,44.7299995422363,43809
2016-11-16,46.6300010681152,47.560001373291,46.2700004577637,47.0,43917
2016-11-17,46.4900016784668,47.6100006103516,46.0200004577637,46.439998626709,39989
2016-11-18,46.8600006103516,46.9799995422363,45.7599983215332,46.0900001525879,39532
2016-11-21,48.9000015258789,49.1500015258789,47.0,47.0099983215332,42541
2016-11-22,49.1199989318848,49.9700012207031,48.1399993896484,49.0999984741211,62072
2016-11-23,48.9500007629395,49.5,48.5699996948242,49.1300010681152,46018
2016-11-25,47.2400016784668,49.2000007629395,47.0099983215332,49.0,27459
2016-11-28,48.2400016784668,48.810001373291,46.1599998474121,46.7599983215332,25170
2016-11-29,46.3800010681152,48.0999984741211,45.9199981689453,48.0900001525879,15550
2016-11-30,50.4700012207031,50.4700012207031,46.75,46.7599983215332,1083
2016-12-01,50.4599990844727,,,,71317
2016-12-02,54.4599990844727,54.5,52.8600006103516,53.8699989318848,39305
2016-12-05,54.939998626709,55.3300018310547,53.810001373291,54.2299995422363,33656
2016-12-06,53.9300003051758,54.9300003051758,53.5200004577637,54.2099990844727,34688
2016-12-07,53.0,54.2099990844727,52.9199981689453,53.9599990844727,34297
2016-12-08,53.8899993896484,54.0499992370606,52.8300018310547,53.0499992370606,44044
2016-12-09,54.3300018310547,54.439998626709,53.7700004577637,53.9500007629395,30445
2016-12-12,55.689998626709,57.4900016784668,54.75,54.75,45732
2016-12-13,55.7200012207031,56.4300003051758,55.1500015258789,55.3699989318848,38210
2016-12-14,53.9000015258789,55.7999992370606,53.6100006103516,55.2299995422363,39813
2016-12-15,54.0200004577637,54.5,53.1500015258789,53.7200012207031,34744
2016-12-16,55.2099990844727,55.3800010681152,53.7099990844727,54.2200012207031,31303
2016-12-19,54.9199981689453,55.7900009155273,54.689998626709,55.4900016784668,30608
2016-12-20,55.3499984741211,55.9099998474121,54.75,55.1199989318848,37241
2016-12-21,54.4599990844727,55.8600006103516,54.3199996948242,55.5999984741211,31242
2016-12-22,55.0499992370606,55.2299995422363,54.0499992370606,54.5900001525879,30938
2016-12-23,55.1599998474121,55.3400001525879,54.2700004577637,54.8800010681152,15503
2016-12-27,56.0900001525879,56.2599983215332,55.0499992370606,55.4799995422363,8294
2016-12-28,56.2200012207031,56.560001373291,55.8899993896484,56.0800018310547,10677
2016-12-29,56.1399993896484,56.6399993896484,55.9700012207031,55.9700012207031,595
2016-12-30,56.1300010681152,,,,13775
2017-01-03,55.4700012207031,58.3699989318848,55.2900009155273,57.0499992370606,42688
2017-01-04,56.4599990844727,56.5299987792969,55.3400001525879,55.689998626709,27804
2017-01-05,56.8899993896484,57.3400001525879,56.0099983215332,56.5400009155273,32833
2017-01-06,57.0999984741211,57.4599990844727,56.2999992370606,56.8800010681152,24948
2017-01-09,54.939998626709,56.9900016784668,54.7400016784668,56.8600006103516,25860
2017-01-10,53.6399993896484,55.3400001525879,53.5699996948242,54.8400001525879,33801
2017-01-11,55.0999984741211,55.6699981689453,53.6599998474121,53.7000007629395,45944
2017-01-12,56.0099983215332,56.4300003051758,55.0299987792969,55.2299995422363,36424
2017-01-13,55.4500007629395,56.2000007629395,55.310001373291,56.060001373291,25417
2017-01-17,55.4700012207031,56.9700012207031,55.2000007629395,55.6500015258789,44899
2017-01-18,53.9199981689453,55.8899993896484,53.7799987792969,55.4700012207031,40148
2017-01-19,54.1599998474121,54.75,53.9000015258789,54.310001373291,33327
2017-01-20,55.4900016784668,55.7900009155273,54.189998626709,54.2799987792969,29231
2017-01-23,55.2299995422363,55.7400016784668,54.6500015258789,55.4700012207031,33859
2017-01-24,55.439998626709,55.8499984741211,55.0499992370606,55.3899993896484,32411
2017-01-25,55.0800018310547,55.6399993896484,54.7599983215332,55.2400016784668,34247
2017-01-26,56.2400016784668,56.5499992370606,55.2099990844727,55.3699989318848,45145
2017-01-27,55.5200004577637,56.5,54.8499984741211,56.1100006103516,20964
2017-01-30,55.2299995422363,55.6399993896484,54.9700012207031,55.4000015258789,9982
2017-01-31,55.7000007629395,55.939998626709,54.939998626709,55.2200012207031,578
2017-02-01,55.6599998474121,,,,34772
2017-02-02,56.560001373291,57.4300003051758,56.3400001525879,56.5299987792969,31371
2017-02-03,56.810001373291,57.2900009155273,56.3899993896484,56.8300018310547,26703
2017-02-06,55.7200012207031,57.1100006103516,55.6500015258789,56.7999992370606,26706
2017-02-07,55.0499992370606,55.9799995422363,54.6399993896484,55.9300003051758,32659
2017-02-08,55.1199989318848,55.6699981689453,54.2099990844727,54.5499992370606,44864
2017-02-09,55.6300010681152,55.9199981689453,55.2000007629395,55.2599983215332,29628
2017-02-10,56.7000007629395,56.8699989318848,55.5800018310547,55.689998626709,30763
2017-02-13,55.5900001525879,56.7999992370606,55.4300003051758,56.7700004577637,25049
2017-02-14,55.9700012207031,56.4500007629395,55.5499992370606,55.7099990844727,25975
2017-02-15,55.75,56.25,55.5499992370606,55.8400001525879,26608
2017-02-16,55.6500015258789,56.2299995422363,55.1300010681152,55.6699981689453,32712
2017-02-17,55.810001373291,55.8699989318848,55.1100006103516,55.6699981689453,27599
2017-02-21,56.6599998474121,57.2999992370606,55.7099990844727,55.9099998474121,57648
2017-02-22,55.8400001525879,56.9900016784668,55.5800018310547,56.689998626709,36358
2017-02-23,56.5800018310547,57.3499984741211,56.1500015258789,56.189998626709,36155
2017-02-24,55.9900016784668,56.6500015258789,55.75,56.5099983215332,18720
2017-02-27,55.9300003051758,56.7599983215332,55.9099998474121,56.0400009155273,10972
2017-02-28,55.5900001525879,56.0699996948242,55.2700004577637,55.9799995422363,685
2017-03-01,55.5999984741211,,,,25932
2017-03-02,55.0800018310547,56.439998626709,55.0099983215332,56.310001373291,34925
2017-03-03,55.9000015258789,55.939998626709,55.0900001525879,55.1800003051758,24688
2017-03-06,56.0099983215332,56.2400016784668,55.3199996948242,55.7999992370606,25402
2017-03-07,55.9199981689453,56.6399993896484,55.5499992370606,55.9900016784668,28162
2017-03-08,53.1100006103516,55.7599983215332,52.939998626709,55.6100006103516,43000
2017-03-09,52.189998626709,53.8499984741211,51.4799995422363,53.1300010681152,61215
2017-03-10,51.3699989318848,53.0099983215332,51.1500015258789,52.439998626709,41261
2017-03-13,51.3499984741211,51.689998626709,50.8400001525879,51.3699989318848,28880
2017-03-14,50.9199981689453,51.8300018310547,50.25,51.4000015258789,49660
2017-03-15,51.810001373291,52.0400009155273,51.3600006103516,51.7900009155273,36290
2017-03-16,51.7400016784668,52.5900001525879,51.5,52.0900001525879,28932
2017-03-17,51.7599983215332,52.1699981689453,51.5299987792969,51.7200012207031,20151
2017-03-20,51.6199989318848,51.9300003051758,51.0099983215332,51.75,25177
2017-03-21,50.9599990844727,52.2099990844727,50.7299995422363,51.6599998474121,30377
2017-03-22,50.6399993896484,50.9700012207031,49.6399993896484,50.8699989318848,39102
2017-03-23,50.560001373291,51.0900001525879,50.2599983215332,50.7599983215332,35569
2017-03-24,50.7999992370606,51.0499992370606,50.4000015258789,50.5999984741211,27105
2017-03-27,50.75,51.0999984741211,50.0299987792969,51.0200004577637,27398
2017-03-28,51.3300018310547,51.8699989318848,50.7900009155273,50.8600006103516,27375
2017-03-29,52.4199981689453,52.4599990844727,51.3400001525879,51.3400001525879,17105
2017-03-30,52.9599990844727,53.0900001525879,52.0299987792969,52.4000015258789,14493
2017-03-31,52.8300018310547,53.3199996948242,52.4000015258789,52.6500015258789,31997
2017-04-03,53.1199989318848,53.7200012207031,53.0400009155273,53.6399993896484,18746
2017-04-04,54.1699981689453,54.3600006103516,52.75,53.1399993896484,27204
2017-04-05,54.3600006103516,55.0800018310547,53.9799995422363,54.2700004577637,33157
2017-04-06,54.8899993896484,54.9900016784668,54.0200004577637,54.1500015258789,21011
2017-04-07,55.2400016784668,56.0699996948242,54.5699996948242,54.75,34387
2017-04-10,55.9799995422363,56.0499992370606,55.2400016784668,55.2400016784668,29224
2017-04-11,56.2299995422363,56.2799987792969,55.4599990844727,56.0499992370606,32054
2017-04-12,55.8600006103516,56.6300010681152,55.5099983215332,56.2799987792969,33978
2017-04-13,55.8899993896484,56.060001373291,55.5800018310547,55.6699981689453,27171
2017-04-17,55.3600006103516,55.9700012207031,55.2999992370606,55.8499984741211,18101
2017-04-18,54.8899993896484,55.4900016784668,54.6199989318848,55.4799995422363,38436
2017-04-19,52.9300003051758,55.2200012207031,52.5900001525879,54.7400016784668,43655
2017-04-20,52.9900016784668,53.5400009155273,52.689998626709,53.060001373291,48381
2017-04-21,51.9599990844727,53.2799987792969,51.5699996948242,53.0299987792969,36665
2017-04-24,51.5999984741211,52.5800018310547,51.4300003051758,52.0499992370606,27284
2017-04-25,52.0999984741211,52.3800010681152,51.310001373291,51.6500015258789,31348
2017-04-26,51.8199996948242,52.439998626709,51.4000015258789,51.8600006103516,24549
2017-04-27,51.439998626709,51.75,50.4300003051758,51.4700012207031,20588
2017-04-28,51.7299995422363,52.0999984741211,51.4099998474121,51.4300003051758,33680
2017-05-01,51.5200004577637,51.9799995422363,51.2200012207031,51.8499984741211,12936
2017-05-02,50.4599990844727,52.1399993896484,50.1599998474121,51.3899993896484,38556
2017-05-03,50.7900009155273,51.1199989318848,50.2099990844727,51.0499992370606,34131
2017-05-04,48.3800010681152,50.7200012207031,48.1800003051758,50.6199989318848,52061
2017-05-05,49.0999984741211,49.6199989318848,46.6500015258789,48.3899993896484,54485
2017-05-08,49.3400001525879,49.8800010681152,48.4900016784668,49.2900009155273,35179
2017-05-09,48.7299995422363,49.7099990844727,48.4099998474121,49.439998626709,33410
2017-05-10,50.2200012207031,50.6199989318848,48.8499984741211,48.9900016784668,37961
2017-05-11,50.7700004577637,51.1500015258789,50.2400016784668,50.2799987792969,31243
2017-05-12,50.8400001525879,51.0800018310547,50.3400001525879,50.7700004577637,29339
2017-05-15,51.8199996948242,52.6199989318848,50.6500015258789,50.8400001525879,31972
2017-05-16,51.6500015258789,52.3499984741211,51.189998626709,51.8600006103516,29359
2017-05-17,52.2099990844727,52.5999984741211,51.0499992370606,51.2400016784668,32800
2017-05-18,52.5099983215332,52.7400016784668,51.1100006103516,52.0999984741211,41239
2017-05-19,53.6100006103516,53.7900009155273,52.5299987792969,52.5299987792969,34681
2017-05-22,53.8699989318848,54.3699989318848,53.6500015258789,53.8699989318848,41324
2017-05-23,54.1500015258789,54.4700012207031,53.2099990844727,53.8499984741211,39671
2017-05-24,53.9599990844727,54.6199989318848,53.6699981689453,54.2000007629395,52627
2017-05-25,51.4599990844727,54.6599998474121,51.0299987792969,53.9099998474121,72089
2017-05-26,52.1500015258789,52.2599983215332,50.7099990844727,51.3699989318848,28004
2017-05-30,51.8400001525879,52.5999984741211,51.2000007629395,52.2999992370606,18705
2017-05-31,50.310001373291,51.75,49.8300018310547,51.6699981689453,545
2017-06-01,50.3300018310547,,,,43640
2017-06-02,49.9500007629395,50.5099983215332,48.9599990844727,50.4000015258789,44207
2017-06-05,49.4700012207031,50.7299995422363,49.0499992370606,49.9599990844727,38387
2017-06-06,50.1199989318848,50.2999992370606,48.9900016784668,49.4799995422363,41397
2017-06-07,48.060001373291,50.1300010681152,47.9700012207031,49.9900016784668,50234
2017-06-08,47.8600006103516,48.5800018310547,47.560001373291,48.2299995422363,40901
2017-06-09,48.1500015258789,48.5400009155273,47.439998626709,47.9099998474121,29536
2017-06-12,48.2900009155273,49.1199989318848,48.0099983215332,48.1800003051758,28229
2017-06-13,48.7200012207031,48.810001373291,47.8800010681152,48.2700004577637,26775
2017-06-14,47.0,48.6800003051758,46.7700004577637,48.1800003051758,44939
2017-06-15,46.9199981689453,47.189998626709,46.7000007629395,46.9900016784668,26749
2017-06-16,47.3699989318848,47.5999984741211,46.8199996948242,46.8400001525879,19728
2017-06-19,46.9099998474121,47.75,46.7700004577637,47.2999992370606,19703
2017-06-20,46.0200004577637,47.2200012207031,45.4300003051758,46.9000015258789,30670
2017-06-21,44.8199996948242,46.6100006103516,44.3600006103516,45.8400001525879,40210
2017-06-22,45.2200012207031,45.7799987792969,44.5499992370606,44.8400001525879,28351
2017-06-23,45.5400009155273,45.7400016784668,45.0400009155273,45.2900009155273,27319
2017-06-26,45.8300018310547,46.2200012207031,45.0400009155273,45.689998626709,22998
2017-06-27,46.6500015258789,47.0400009155273,45.8199996948242,45.9599990844727,29887
2017-06-28,47.310001373291,47.4700012207031,46.189998626709,46.25,13352
2017-06-29,47.4199981689453,48.0,47.189998626709,47.439998626709,9980
2017-06-30,47.9199981689453,48.2000007629395,47.4799995422363,47.4799995422363,23479
2017-07-03,49.6800003051758,49.7000007629395,48.5400009155273,48.8899993896484,17462
2017-07-05,47.7900009155273,49.8899993896484,47.2799987792969,49.5999984741211,40863
2017-07-06,48.1100006103516,49.1699981689453,47.7799987792969,48.2999992370606,25556
2017-07-07,46.7099990844727,47.9900016784668,46.2799987792969,47.9799995422363,28644
2017-07-10,46.8800010681152,47.3699989318848,46.1199989318848,46.9000015258789,21447
2017-07-11,47.5200004577637,48.1699981689453,46.2999992370606,47.0200004577637,22689
2017-07-12,47.7400016784668,48.75,47.3499984741211,48.2099990844727,31345
2017-07-13,48.4199981689453,48.5299987792969,47.1800003051758,47.6500015258789,22846
2017-07-14,48.9099998474121,49.0800018310547,48.1599998474121,48.4000015258789,22014
2017-07-17,48.4199981689453,49.25,48.310001373291,49.060001373291,17905
2017-07-18,48.8400001525879,49.4000015258789,48.2400016784668,48.4099998474121,20301
2017-07-19,49.7000007629395,49.7999992370606,48.5999984741211,48.7000007629395,20340
2017-07-20,49.2999992370606,50.1800003051758,49.189998626709,49.5999984741211,26566
2017-07-21,48.060001373291,49.6399993896484,47.810001373291,49.2700004577637,27053
2017-07-24,48.5999984741211,48.7599983215332,47.6800003051758,47.8899993896484,25408
2017-07-25,50.2000007629395,50.9000015258789,48.6500015258789,48.7400016784668,27529
2017-07-26,50.9700012207031,51.0299987792969,50.0800018310547,50.7599983215332,26137
2017-07-27,51.4900016784668,51.6399993896484,50.5099983215332,50.8699989318848,21851
2017-07-28,52.5200004577637,52.6699981689453,51.310001373291,51.5800018310547,12631
2017-07-31,52.6500015258789,52.8499984741211,52.25,52.7599983215332,844
2017-08-01,52.6300010681152,,,,33859
2017-08-02,52.3600006103516,52.4199981689453,51.189998626709,51.5699996948242,34625
2017-08-03,52.0099983215332,52.8699989318848,51.7900009155273,52.2900009155273,34779
2017-08-04,52.4199981689453,52.5200004577637,51.439998626709,51.9099998474121,26969
2017-08-07,52.3699989318848,52.560001373291,51.3699989318848,52.3800010681152,29496
2017-08-08,52.1399993896484,52.7299995422363,51.8199996948242,52.2400016784668,24795
2017-08-09,52.7000007629395,52.8199996948242,51.8300018310547,51.8300018310547,26143
2017-08-10,51.9000015258789,53.6300010681152,51.6800003051758,52.7799987792969,52899
2017-08-11,52.0999984741211,52.2700004577637,51.310001373291,51.9199981689453,25318
2017-08-14,50.7299995422363,52.3899993896484,50.5800018310547,52.0099983215332,29797
2017-08-15,50.7999992370606,51.0999984741211,50.0299987792969,50.6500015258789,35111
2017-08-16,50.2700004577637,51.3499984741211,50.1500015258789,50.9599990844727,33911
2017-08-17,51.0299987792969,51.1100006103516,49.9900016784668,50.3800010681152,43863
2017-08-18,52.7200012207031,52.9500007629395,50.7799987792969,50.8600006103516,41235
2017-08-21,51.6599998474121,52.9000015258789,51.2900009155273,52.9000015258789,33088
2017-08-22,51.8699989318848,52.2700004577637,51.4000015258789,51.6800003051758,36291
2017-08-23,52.5699996948242,52.6199989318848,51.4500007629395,51.6300010681152,31540
2017-08-24,52.0400009155273,52.7099990844727,51.6100006103516,52.5499992370606,38326
2017-08-25,52.4099998474121,52.7900009155273,51.9199981689453,52.2000007629395,32957
2017-08-28,51.8899993896484,53.1599998474121,51.5200004577637,52.6699981689453,23706
2017-08-29,52.0,52.1500015258789,51.3699989318848,52.1500015258789,20366
2017-08-30,50.8600006103516,52.0200004577637,50.6300010681152,51.8800010681152,
2017-08-31,52.3800010681152,52.3800010681152,50.1300010681152,50.5099983215332,9938
2017-09-01,52.3199996948242,,,,43495
2017-09-05,53.3800010681152,53.6500015258789,51.9799995422363,52.7999992370606,24873
2017-09-06,54.2000007629395,54.2999992370606,53.0900001525879,53.1800003051758,30783
2017-09-07,54.4900016784668,54.6699981689453,53.8899993896484,54.0800018310547,34793
2017-09-08,53.7799987792969,54.8600006103516,53.560001373291,54.5400009155273,28912
2017-09-11,53.8400001525879,54.1100006103516,53.0400009155273,53.75,30263
2017-09-12,54.2700004577637,54.439998626709,53.4300003051758,53.8600006103516,22720
2017-09-13,55.1599998474121,55.2000007629395,54.0299987792969,54.2599983215332,24868
2017-09-14,55.4700012207031,56.0,54.9300003051758,55.0699996948242,27549
2017-09-15,55.6199989318848,55.8499984741211,54.8699989318848,55.2700004577637,22004
2017-09-18,55.4799995422363,55.939998626709,54.8199996948242,55.5299987792969,23767
2017-09-19,55.1399993896484,55.8800010681152,54.8899993896484,55.4500007629395,19337
2017-09-20,56.2900009155273,56.4799995422363,55.2799987792969,55.4099998474121,27031
2017-09-21,56.4300003051758,56.5299987792969,55.7799987792969,56.1800003051758,23549
2017-09-22,56.8600006103516,56.9000015258789,56.2299995422363,56.5,18348
2017-09-25,59.0200004577637,59.2200012207031,56.7000007629395,56.8899993896484,23811
2017-09-26,58.439998626709,59.4900016784668,57.7799987792969,59.2000007629395,28328
2017-09-27,57.9000015258789,58.8600006103516,57.5699996948242,58.5999984741211,15305
2017-09-28,57.4099998474121,58.6199989318848,56.8499984741211,57.6699981689453,7005
2017-09-29,57.5400009155273,57.7599983215332,57.2099990844727,57.5299987792969,27369
2017-10-02,56.1199989318848,56.75,55.5099983215332,56.6199989318848,19371
2017-10-03,56.0,56.3899993896484,55.689998626709,56.0800018310547,21948
2017-10-04,55.7999992370606,56.189998626709,55.3899993896484,55.7000007629395,25898
2017-10-05,57.0,57.2400016784668,55.7000007629395,55.7700004577637,32050
2017-10-06,55.6199989318848,57.2700004577637,55.1399993896484,56.9799995422363,33642
2017-10-09,55.7900009155273,55.9799995422363,55.060001373291,55.4900016784668,23056
2017-10-10,56.6100006103516,56.9099998474121,55.689998626709,55.7000007629395,21094
2017-10-11,56.939998626709,57.0900001525879,56.1599998474121,56.5400009155273,21840
2017-10-12,56.25,56.8199996948242,55.8800010681152,56.6599998474121,22286
2017-10-13,57.1699981689453,57.560001373291,56.3800010681152,56.4700012207031,23433
2017-10-16,57.8199996948242,58.4700012207031,57.1199989318848,57.1199989318848,22799
2017-10-17,57.8800010681152,58.3499984741211,57.1800003051758,57.8400001525879,31599
2017-10-18,58.1500015258789,58.5400009155273,57.75,58.0699996948242,25606
2017-10-19,57.2299995422363,58.2799987792969,57.0400009155273,58.2000007629395,29999
2017-10-20,57.75,57.9000015258789,56.5999984741211,57.2900009155273,28185
2017-10-23,57.3699989318848,58.0299987792969,57.2799987792969,57.9700012207031,25947
2017-10-24,58.3300018310547,58.4799995422363,57.0299987792969,57.3600006103516,32802
2017-10-25,58.439998626709,58.7299995422363,57.8600006103516,58.4599990844727,26265
2017-10-26,59.2999992370606,59.5499992370606,58.0400009155273,58.4799995422363,26572
2017-10-27,60.439998626709,60.6599998474121,58.8199996948242,59.4900016784668,15873
2017-10-30,60.9000015258789,61.0,60.1599998474121,60.6500015258789,14987
2017-10-31,61.3699989318848,61.3800010681152,60.5499992370606,60.8699989318848,1113
2017-11-01,61.2900009155273,,,,30560
2017-11-02,60.6199989318848,60.8199996948242,60.0400009155273,60.439998626709,27721
2017-11-03,62.0699996948242,62.2200012207031,60.5999984741211,60.7299995422363,25695
2017-11-06,64.2699966430664,64.4400024414063,62.1300010681152,62.1300010681152,32269
2017-11-07,63.689998626709,64.6399993896484,63.4900016784668,64.0899963378906,34317
2017-11-08,63.4900016784668,64.6399993896484,62.9500007629395,63.6300010681152,41527
2017-11-09,63.9300003051758,64.2399978637695,63.2700004577637,63.5,24929
2017-11-10,63.5200004577637,64.2699966430664,63.3499984741211,63.8300018310547,24446
2017-11-13,63.1599998474121,63.7299995422363,62.6199989318848,63.6199989318848,29816
2017-11-14,62.2099990844727,63.2099990844727,61.2099990844727,63.1599998474121,46259
2017-11-15,61.8699989318848,62.1199989318848,61.310001373291,61.5,27356
2017-11-16,61.3600006103516,62.1500015258789,61.25,61.8699989318848,28684
2017-11-17,62.7200012207031,62.9000015258789,61.0900001525879,61.4500007629395,30936
2017-11-20,62.2200012207031,62.7999992370606,61.439998626709,62.7200012207031,23428
2017-11-21,62.5699996948242,62.8400001525879,62.0400009155273,62.1300010681152,30389
2017-11-22,63.3199996948242,63.4099998474121,62.6300010681152,62.7099990844727,29926
2017-11-24,63.8600006103516,63.9500007629395,62.8899993896484,63.2299995422363,21047
2017-11-27,63.8400001525879,63.9799995422363,63.0999984741211,63.8499984741211,22019
2017-11-28,63.6100006103516,63.9000015258789,63.1100006103516,63.7099990844727,15235
2017-11-29,63.1100006103516,64.0400009155273,62.5499992370606,63.3400001525879,10166
2017-11-30,63.5699996948242,64.1999969482422,63.2000007629395,63.3400001525879,2034
2017-12-01,63.4900016784668,,,,28073
2017-12-04,62.4500007629395,63.6399993896484,62.3199996948242,63.4900016784668,27437
2017-12-05,62.8600006103516,63.1300010681152,62.1399993896484,62.3899993896484,21380
2017-12-06,61.2200012207031,62.9199981689453,61.1399993896484,62.7700004577637,25263
2017-12-07,62.2000007629395,62.25,61.1599998474121,61.2400016784668,19281
2017-12-08,63.4000015258789,63.6300010681152,61.939998626709,61.939998626709,28508
2017-12-11,64.6900024414063,64.9199981689453,62.9900016784668,63.3400001525879,44515
2017-12-12,63.3400001525879,65.8199996948242,63.0900001525879,64.7399978637695,55976
2017-12-13,62.439998626709,64.3099975585938,62.3600006103516,63.9000015258789,34080
2017-12-14,63.310001373291,63.5,62.0200004577637,62.8400001525879,29866
2017-12-15,63.2299995422363,63.6699981689453,63.0800018310547,63.4199981689453,21478
2017-12-18,63.4099998474121,63.9099998474121,63.0,63.3199996948242,20560
2017-12-19,63.7999992370606,63.9099998474121,63.2999992370606,63.439998626709,22157
2017-12-20,64.5599975585938,64.5999984741211,63.6800003051758,63.8499984741211,26006
2017-12-21,64.9000015258789,64.9199981689453,64.1900024414063,64.4800033569336,17911
2017-12-22,65.25,65.2799987792969,64.3899993896484,64.5999984741211,14337
2017-12-26,67.0199966430664,67.0800018310547,65.0100021362305,65.0699996948242,9850
2017-12-27,66.4400024414063,66.9400024414063,66.0500030517578,66.7200012207031,11890
2017-12-28,66.7200012207031,66.7799987792969,66.2900009155273,66.4199981689453,2057
2017-12-29,66.5999984741211,,,,12234
2018-01-02,66.5699996948242,67.2799987792969,66.2300033569336,66.4199981689453,24294
2018-01-03,67.8399963378906,68.0100021362305,66.4000015258789,66.4899978637695,25878
2018-01-04,68.0699996948242,68.2600021362305,67.5299987792969,68.0,22840
2018-01-05,67.620002746582,68.0899963378906,67.2699966430664,68.0599975585938,18290
2018-01-08,67.7799987792969,67.9800033569336,67.4499969482422,67.8199996948242,17704
2018-01-09,68.8199996948242,69.1999969482422,67.6900024414063,67.9300003051758,25548
2018-01-10,69.1999969482422,69.3600006103516,68.75,69.1699981689453,21538
2018-01-11,69.2600021362305,70.0299987792969,69.0,69.0800018310547,33268
2018-01-12,69.870002746582,69.9199981689453,68.6100006103516,69.129997253418,23032
2018-01-16,69.1500015258789,70.370002746582,68.8399963378906,69.9100036621094,33284
2018-01-17,69.379997253418,69.5899963378906,68.5400009155273,69.3899993896484,20500
2018-01-18,69.3099975585938,69.6600036621094,68.8000030517578,69.4300003051758,20117
2018-01-19,68.6100006103516,69.1500015258789,68.2699966430664,69.1399993896484,22077
2018-01-22,69.0299987792969,69.5100021362305,68.3899993896484,68.7799987792969,23250
2018-01-23,69.9599990844727,70.2399978637695,69.120002746582,69.25,23749
2018-01-24,70.5299987792969,70.9100036621094,69.5400009155273,69.879997253418,23732
2018-01-25,70.4199981689453,71.2600021362305,69.9700012207031,70.7099990844727,24111
2018-01-26,70.5199966430664,70.8300018310547,69.8399963378906,70.0999984741211,30361
2018-01-29,69.4599990844727,70.6399993896484,69.0800018310547,70.5199966430664,17623
2018-01-30,69.0199966430664,69.5199966430664,68.4199981689453,69.5199966430664,12571
2018-01-31,69.0500030517578,69.0699996948242,68.3000030517578,68.379997253418,1494
2018-02-01,69.0800018310547,,,,29317
2018-02-02,68.5800018310547,70.0100021362305,67.9599990844727,69.75,27547
2018-02-05,67.620002746582,68.4599990844727,67.0,68.1999969482422,32399
2018-02-06,66.8600006103516,67.5899963378906,66.5500030517578,66.9899978637695,32169
2018-02-07,65.5100021362305,67.7200012207031,65.1600036621094,67.2300033569336,56412
2018-02-08,64.8099975585938,65.5899963378906,64.1100006103516,65.4400024414063,37936
2018-02-09,62.7900009155273,64.629997253418,61.7700004577637,64.379997253418,34853
2018-02-12,62.5900001525879,64.4100036621094,62.560001373291,62.6399993896484,33192
2018-02-13,62.7200012207031,63.0999984741211,61.7599983215332,62.7400016784668,38693
2018-02-14,64.3600006103516,64.5599975585938,61.9599990844727,62.4700012207031,40865
2018-02-15,64.3300018310547,65.0999984741211,63.1199989318848,64.3199996948242,36176
2018-02-16,64.8399963378906,65.1999969482422,64.1900024414063,64.4100036621094,27034
2018-02-20,65.25,65.8300018310547,64.7799987792969,64.8600006103516,34029
2018-02-21,65.4199981689453,65.5299987792969,64.4000015258789,65.1100006103516,26015
2018-02-22,66.3899993896484,66.5500030517578,64.6399993896484,65.0100021362305,29052
2018-02-23,67.3099975585938,67.370002746582,65.8000030517578,66.25,20948
2018-02-26,67.5,67.9000015258789,66.7399978637695,67.3000030517578,20385
2018-02-27,66.629997253418,67.629997253418,66.370002746582,67.5599975585938,9005
2018-02-28,65.7799987792969,66.879997253418,65.5400009155273,66.3300018310547,1241
2018-03-01,65.7099990844727,,,,44819
2018-03-02,64.370002746582,64.6800003051758,63.2000007629395,64.2399978637695,39587
2018-03-05,65.5400009155273,65.870002746582,64.0999984741211,64.6900024414063,31209
2018-03-06,65.7900009155273,66.1500015258789,65.3099975585938,65.5899963378906,24251
2018-03-07,64.3399963378906,65.7799987792969,63.8400001525879,65.4300003051758,36313
2018-03-08,63.6100006103516,64.5500030517578,63.4300003051758,64.5500030517578,44008
2018-03-09,65.4899978637695,65.620002746582,63.7000007629395,63.8499984741211,33619
2018-03-12,64.9499969482422,65.8300018310547,64.1800003051758,65.5400009155273,19165
2018-03-13,64.6399993896484,65.6600036621094,64.0400009155273,64.9199981689453,34247
2018-03-14,64.8899993896484,65.1900024414063,64.0699996948242,64.6699981689453,29439
2018-03-15,65.120002746582,65.3899993896484,64.6100006103516,64.8499984741211,22542
2018-03-16,66.2099990844727,66.4199981689453,64.8899993896484,65.0500030517578,29187
2018-03-19,66.0500030517578,66.3499984741211,65.3899993896484,66.120002746582,28050
2018-03-20,67.4199981689453,67.8899993896484,66.1699981689453,66.1999969482422,35782
2018-03-21,69.4700012207031,69.8499984741211,67.4700012207031,67.5599975585938,43370
2018-03-22,68.9100036621094,69.9100036621094,68.5800018310547,69.7699966430664,37699
2018-03-23,70.4499969482422,70.5699996948242,68.8000030517578,68.9000015258789,49285
2018-03-26,70.120002746582,71.0500030517578,69.6699981689453,70.6399993896484,28882
2018-03-27,70.1100006103516,71.0299987792969,69.4599990844727,70.2099990844727,15583
2018-03-28,69.5299987792969,70.25,68.7799987792969,69.6800003051758,16988
2018-03-29,70.2699966430664,70.4300003051758,69.129997253418,69.8099975585938,37805
2018-04-02,67.6399993896484,70.0299987792969,67.4800033569336,69.4199981689453,25064
2018-04-03,68.120002746582,68.4199981689453,67.5899963378906,67.6500015258789,22815
2018-04-04,68.0199966430664,68.2699966430664,66.6999969482422,68.1399993896484,39674
2018-04-05,68.3300018310547,68.9199981689453,67.7300033569336,68.3499984741211,28888
2018-04-06,67.1100006103516,68.620002746582,66.8600006103516,68.5899963378906,30749
2018-04-09,68.6500015258789,68.8000030517578,67.0299987792969,67.0299987792969,23967
2018-04-10,71.0400009155273,71.3199996948242,68.4800033569336,68.5599975585938,45123
2018-04-11,72.0599975585938,73.0800018310547,70.5599975585938,71.0299987792969,50064
2018-04-12,72.0199966430664,72.4599990844727,71.0899963378906,71.9300003051758,38029
2018-04-13,72.5800018310547,72.8600006103516,71.6100006103516,72.1699981689453,36895
2018-04-16,71.4199981689453,72.879997253418,71.129997253418,72.620002746582,33532
2018-04-17,71.5800018310547,71.879997253418,70.8300018310547,71.5999984741211,36784
2018-04-18,73.4800033569336,73.9199981689453,71.6500015258789,71.7699966430664,34300
2018-04-19,73.7799987792969,74.7399978637695,73.4599990844727,73.7600021362305,37579
2018-04-20,74.0599975585938,74.1999969482422,72.8300018310547,74.0,32478
2018-04-23,74.7099990844727,75.1100006103516,73.129997253418,73.879997253418,41835
2018-04-24,73.8600006103516,75.4599990844727,73.6999969482422,74.9000015258789,46897
2018-04-25,74.0,74.1800003051758,73.1800003051758,73.9499969482422,38845
2018-04-26,74.7399978637695,74.9499969482422,74.0599975585938,74.0699996948242,26826
2018-04-27,74.6399993896484,75.0100021362305,74.379997253418,74.7099990844727,15535
2018-04-30,75.1699981689453,75.3600006103516,73.5500030517578,74.379997253418,1630
2018-05-01,75.1699981689453,,,,39208
2018-05-02,73.3600006103516,73.620002746582,72.370002746582,73.2099990844727,34769
2018-05-03,73.620002746582,74.0800018310547,72.4800033569336,73.1399993896484,35839
2018-05-04,74.870002746582,75.0500030517578,73.25,73.7600021362305,30457
2018-05-07,76.1699981689453,76.3300018310547,74.8499984741211,74.9800033569336,21266
2018-05-08,74.8499984741211,76.1800003051758,73.0999984741211,75.6600036621094,50813
2018-05-09,77.2099990844727,77.4100036621094,75.8600006103516,75.8600006103516,34902
2018-05-10,77.4700012207031,77.9700012207031,76.5,77.2900009155273,32445
2018-05-11,77.120002746582,77.5899963378906,76.9499969482422,77.4100036621094,25651
2018-05-14,78.2300033569336,78.5199966430664,76.5400009155273,77.0899963378906,29917
2018-05-15,78.4300003051758,79.4499969482422,77.9000015258789,78.5299987792969,41100
2018-05-16,79.2799987792969,79.3300018310547,77.629997253418,78.129997253418,31226
2018-05-17,79.3000030517578,80.5,79.120002746582,79.2399978637695,38385
2018-05-18,78.5100021362305,79.8600006103516,78.3300018310547,79.5100021362305,30828
2018-05-21,79.2200012207031,79.5899963378906,78.1100006103516,78.5299987792969,19520
2018-05-22,79.5699996948242,80.4899978637695,79.1699981689453,79.4899978637695,29522
2018-05-23,79.8000030517578,79.8499984741211,78.2300033569336,79.4899978637695,30786
2018-05-24,78.7900009155273,79.8399963378906,78.5699996948242,79.7099990844727,25431
2018-05-25,76.4400024414063,78.8600006103516,76.0,78.8600006103516,42387
2018-05-29,75.3899993896484,76.1800003051758,74.5100021362305,75.5,19800
2018-05-30,77.5,77.7200012207031,74.879997253418,75.4000015258789,9673
2018-05-31,77.5899963378906,78.7200012207031,77.0800018310547,77.5400009155273,1039
2018-06-01,77.5899963378906,,,,35684
2018-06-04,75.2900009155273,76.9300003051758,75.1999969482422,76.6100006103516,31642
2018-06-05,75.379997253418,75.7300033569336,73.8199996948242,75.5199966430664,43436
2018-06-06,75.3600006103516,76.2600021362305,74.4700012207031,75.0899963378906,37262
2018-06-07,77.3199996948242,77.370002746582,75.4199981689453,75.9100036621094,36710
2018-06-08,76.4599990844727,77.5800018310547,76.1399993896484,77.2600021362305,21902
2018-06-11,76.4599990844727,76.8199996948242,75.5299987792969,76.3899993896484,22516
2018-06-12,75.879997253418,77.0699996948242,75.4499969482422,76.4499969482422,26330
2018-06-13,76.7399978637695,76.870002746582,75.1999969482422,75.4800033569336,30468
2018-06-14,75.9400024414063,76.9100036621094,75.7699966430664,76.5500030517578,24181
2018-06-15,73.4400024414063,76.9100036621094,73.0699996948242,76.5500030517578,30144
2018-06-18,75.3399963378906,75.5400009155273,72.4400024414063,73.0500030517578,31861
2018-06-19,75.0800018310547,75.5299987792969,74.4499969482422,75.4199981689453,33282
2018-06-20,74.7399978637695,75.8499984741211,74.1100006103516,75.0199966430664,47160
2018-06-21,73.0500030517578,74.6800003051758,72.9400024414063,74.3600006103516,49077
2018-06-22,75.5500030517578,75.8099975585938,73.1800003051758,73.370002746582,59882
2018-06-25,74.7300033569336,75.129997253418,73.7399978637695,75.0699996948242,41565
2018-06-26,76.3099975585938,76.6999969482422,74.129997253418,74.75,41470
2018-06-27,77.620002746582,78.1699981689453,76.2799987792969,76.4800033569336,24472
2018-06-28,77.8499984741211,78.4000015258789,77.1100006103516,77.5100021362305,14662
2018-06-29,79.4400024414063,79.6999969482422,77.7699966430664,77.7699966430664,37117
2018-07-02,77.3000030517578,78.9300003051758,77.1800003051758,78.9000015258789,30859
2018-07-03,77.7600021362305,78.5599975585938,76.6800003051758,77.4199981689453,22785
2018-07-05,77.3899993896484,78.4899978637695,77.3099975585938,78.1100006103516,27678
2018-07-06,77.1100006103516,77.6999969482422,76.370002746582,77.5800018310547,25487
2018-07-09,78.0699996948242,78.3099975585938,77.0699996948242,77.2399978637695,14925
2018-07-10,78.8600006103516,79.5,78.2099990844727,78.25,19767
2018-07-11,73.4000015258789,78.8899993896484,73.0400009155273,78.8300018310547,48913
2018-07-12,74.4499969482422,75.129997253418,72.6800003051758,73.7799987792969,46443
2018-07-13,75.3300018310547,75.9199981689453,73.2300033569336,74.3300018310547,27308
2018-07-16,71.8399963378906,75.370002746582,71.5299987792969,75.0,27134
2018-07-17,72.1600036621094,72.7799987792969,71.3600006103516,71.9000015258789,28197
2018-07-18,72.9000015258789,73.2699966430664,71.1999969482422,71.6399993896484,25625
2018-07-19,72.5800018310547,73.8000030517578,71.8300018310547,72.9800033569336,31672
2018-07-20,73.0699996948242,73.4700012207031,72.2900009155273,72.5899963378906,24861
2018-07-23,73.0599975585938,74.4899978637695,72.5299987792969,72.9199981689453,29479
2018-07-24,73.4400024414063,74.0100021362305,72.6800003051758,73.0,21747
2018-07-25,73.9300003051758,74.3000030517578,73.0800018310547,73.6600036621094,25329
2018-07-26,74.5400009155273,74.8199996948242,73.7799987792969,74.3499984741211,26293
2018-07-27,74.2900009155273,74.8499984741211,73.8300018310547,74.4700012207031,15109
2018-07-30,74.9700012207031,75.2699966430664,74.1500015258789,74.3499984741211,9053
2018-07-31,74.25,75.0999984741211,74.1800003051758,74.8899993896484,1463
2018-08-01,74.25,,,,23660
2018-08-02,73.4499969482422,73.7399978637695,71.8399963378906,72.5999984741211,21038
2018-08-03,73.2099990844727,73.7300033569336,72.4800033569336,73.4400024414063,15946
2018-08-06,73.75,74.4599990844727,73.1399993896484,73.2900009155273,20253
2018-08-07,74.6500015258789,74.9000015258789,73.5999984741211,73.6600036621094,18289
2018-08-08,72.2799987792969,74.8600006103516,71.6600036621094,74.5299987792969,23735
2018-08-09,72.0699996948242,72.879997253418,71.8499984741211,72.129997253418,15939
2018-08-10,72.8099975585938,73.1399993896484,71.4100036621094,72.0,16195
2018-08-13,72.6100006103516,73.0899963378906,71.0400009155273,72.9899978637695,17644
2018-08-14,72.4599990844727,73.9300003051758,72.0999984741211,72.879997253418,20737
2018-08-15,70.7600021362305,72.4400024414063,70.3000030517578,72.1699981689453,25245
2018-08-16,71.4300003051758,71.5100021362305,70.4000015258789,70.7699966430664,18403
2018-08-17,71.8300018310547,72.4800033569336,71.2699966430664,71.3499984741211,15051
2018-08-20,72.2099990844727,72.7399978637695,71.4499969482422,71.7799987792969,18514
2018-08-21,72.629997253418,72.9499969482422,72.0599975585938,72.129997253418,15578
2018-08-22,74.7799987792969,74.9899978637695,72.6800003051758,72.75,19801
2018-08-23,74.7300033569336,74.8899993896484,74.2099990844727,74.8899993896484,14222
2018-08-24,75.8199996948242,76.4000015258789,74.6999969482422,74.7399978637695,19745
2018-08-27,76.2099990844727,76.3499984741211,75.4000015258789,75.6100006103516,9993
2018-08-28,75.9499969482422,76.9599990844727,75.7300033569336,76.2900009155273,17281
2018-08-29,77.1399993896484,77.4199981689453,75.6999969482422,75.9100036621094,8895
2018-08-30,77.7699966430664,78.0,77.2099990844727,77.3099975585938,9125
2018-08-31,77.4199981689453,77.7900009155273,77.0999984741211,77.5,17690
2018-09-04,78.1699981689453,79.7099990844727,77.4599990844727,78.1900024414063,36059
2018-09-05,77.2699966430664,78.0599975585938,76.9199981689453,77.8899993896484,27811
2018-09-06,76.5,77.75,75.6399993896484,77.1399993896484,31739
2018-09-07,76.8300018310547,77.0800018310547,75.8899993896484,76.5800018310547,17798
2018-09-10,77.370002746582,77.9100036621094,76.8499984741211,76.8499984741211,23036
2018-09-11,79.0599975585938,79.5199966430664,77.3600006103516,77.3600006103516,29921
2018-09-12,79.7399978637695,80.1100006103516,78.75,79.4700012207031,29906
2018-09-13,78.1800003051758,79.7699966430664,77.870002746582,79.7699966430664,28501
2018-09-14,78.0899963378906,78.9300003051758,77.379997253418,78.3600006103516,24296
2018-09-17,78.0500030517578,78.8899993896484,77.7300033569336,78.0699996948242,21749
2018-09-18,79.0299987792969,79.7200012207031,77.5,77.8899993896484,22637
2018-09-19,79.4000015258789,79.5,78.5199966430664,78.8600006103516,19118
2018-09-20,78.6999969482422,79.8199996948242,78.5199966430664,79.3300018310547,22855
2018-09-21,78.8000030517578,80.120002746582,78.2399978637695,78.6999969482422,36594
2018-09-24,81.1999969482422,81.4800033569336,79.0999984741211,79.0999984741211,21939
2018-09-25,81.870002746582,82.5400009155273,81.1699981689453,81.4499969482422,30081
2018-09-26,81.3399963378906,82.1900024414063,81.120002746582,81.5100021362305,17271
2018-09-27,81.7200012207031,82.4199981689453,81.3399963378906,81.8099975585938,14317
2018-09-28,82.7200012207031,82.8499984741211,81.5400009155273,81.5400009155273,38868
2018-10-01,84.9800033569336,85.4400024414063,82.5599975585938,82.9199981689453,34024
2018-10-02,84.8000030517578,85.370002746582,84.3199996948242,85.0599975585938,25338
2018-10-03,86.2900009155273,86.7200012207031,84.0100021362305,84.7099990844727,31424
2018-10-04,84.5800018310547,86.4199981689453,84.1500015258789,86.129997253418,35552
2018-10-05,84.1600036621094,85.1100006103516,83.9199981689453,84.7099990844727,27778
2018-10-08,83.9100036621094,84.3099975585938,82.6600036621094,84.1100006103516,31603
2018-10-09,85.0,85.4400024414063,83.7200012207031,83.7699966430664,39232
2018-10-10,83.0899963378906,85.1600036621094,82.2799987792969,84.879997253418,31715
2018-10-11,80.2600021362305,82.6100006103516,79.8000030517578,82.5899963378906,48195
2018-10-12,80.4300003051758,81.4700012207031,79.2200012207031,80.2799987792969,37537
2018-10-15,80.7799987792969,81.9100036621094,79.8499984741211,80.9700012207031,31577
2018-10-16,81.4100036621094,81.7399978637695,79.8000030517578,80.6999969482422,33816
2018-10-17,80.0500030517578,81.8399963378906,79.1699981689453,81.5999984741211,38202
2018-10-18,79.2900009155273,80.3300018310547,78.6900024414063,80.3300018310547,41270
2018-10-19,79.7799987792969,80.8899993896484,79.2200012207031,79.3399963378906,34401
2018-10-22,79.8300018310547,80.3899993896484,78.9700012207031,80.0800018310547,37080
2018-10-23,76.4400024414063,80.120002746582,75.879997253418,80.0199966430664,60226
2018-10-24,76.1699981689453,77.5599975585938,75.129997253418,76.1900024414063,57413
2018-10-25,76.8899993896484,77.0500030517578,75.370002746582,75.6999969482422,33325
2018-10-26,77.620002746582,77.9100036621094,75.7699966430664,76.620002746582,33549
2018-10-29,77.3399963378906,78.0100021362305,76.5500030517578,77.6900024414063,17057
2018-10-30,75.9100036621094,77.3199996948242,75.1100006103516,76.8399963378906,19196
2018-10-31,75.4700012207031,76.8899993896484,75.4700012207031,76.1800003051758,2451
2018-11-01,75.5,,,,33938
2018-11-02,72.8300018310547,73.4800033569336,72.1699981689453,72.6600036621094,36090
2018-11-05,73.1699981689453,74.120002746582,72.2300033569336,72.75,28438
2018-11-06,72.129997253418,73.2699966430664,71.1800003051758,72.7200012207031,32871
2018-11-07,72.0699996948242,73.5299987792969,71.3499984741211,71.75,36648
2018-11-08,70.6500015258789,73.0599975585938,70.5100021362305,72.1399993896484,39896
2018-11-09,70.1800003051758,70.9800033569336,69.1600036621094,70.9499969482422,32611
2018-11-12,70.120002746582,71.8600006103516,68.8899993896484,70.5400009155273,39814
2018-11-13,65.4700012207031,69.6699981689453,64.6399993896484,69.1399993896484,56981
2018-11-14,66.120002746582,67.620002746582,65.0100021362305,65.2799987792969,47372
2018-11-15,66.620002746582,67.4000015258789,65.75,65.9199981689453,35140
2018-11-16,66.7600021362305,68.379997253418,66.0999984741211,66.75,37139
2018-11-19,66.7900009155273,67.620002746582,65.2699966430664,67.0100021362305,29353
2018-11-20,62.5299987792969,66.9599990844727,61.7599983215332,66.9100036621094,44030
2018-11-21,63.4799995422363,64.4599990844727,62.4099998474121,62.4099998474121,41292
2018-11-23,58.7999992370606,62.810001373291,58.4300003051758,62.6199989318848,56080
2018-11-26,60.4799995422363,61.0900001525879,58.5999984741211,59.1500015258789,35607
2018-11-27,60.2099990844727,61.4000015258789,58.9500007629395,60.4099998474121,47106
2018-11-28,58.7599983215332,61.2599983215332,58.560001373291,60.8300018310547,18435
2018-11-29,59.5099983215332,60.3699989318848,57.5200004577637,58.7700004577637,8794
2018-11-30,58.7099990844727,59.8899993896484,58.25,59.2299995422363,39344
2018-12-03,61.689998626709,62.5900001525879,59.5,59.8899993896484,33207
2018-12-04,62.0800018310547,63.560001373291,61.2400016784668,61.8600006103516,35475
2018-12-06,60.060001373291,61.9599990844727,58.3899993896484,61.7000007629395,60772
2018-12-07,61.6699981689453,63.7099990844727,59.0999984741211,60.310001373291,59861
2018-12-10,59.9700012207031,62.310001373291,59.560001373291,61.4500007629395,34114
2018-12-11,60.2000007629395,61.0900001525879,59.6199989318848,59.8899993896484,31823
2018-12-12,60.1500015258789,61.4199981689453,59.9900016784668,60.5099983215332,31651
2018-12-13,61.4500007629395,62.0200004577637,59.3400001525879,60.310001373291,29600
2018-12-14,60.2799987792969,61.75,59.9199981689453,61.6599998474121,24871
2018-12-17,59.6100006103516,61.189998626709,58.6300010681152,60.3699989318848,32165
2018-12-18,56.2599983215332,59.2200012207031,55.6699981689453,58.810001373291,41690
2018-12-19,57.2400016784668,58.0999984741211,56.0299987792969,56.2099990844727,47399
2018-12-20,54.3499984741211,56.7400016784668,54.2799987792969,56.5499992370606,40553
2018-12-21,53.8199996948242,55.2999992370606,52.810001373291,54.8199996948242,40930
2018-12-24,50.4700012207031,54.6399993896484,50.3800010681152,53.5800018310547,19160
2018-12-26,54.4700012207031,55.2799987792969,49.9599990844727,51.1300010681152,16444
2018-12-27,52.1599998474121,54.9199981689453,51.9900016784668,54.9199981689453,8946
2018-12-28,52.2000007629395,53.5099983215332,51.6300010681152,53.0299987792969,31833
2018-12-31,53.7999992370606,54.7900009155273,52.6599998474121,53.060001373291,21966
2019-01-02,54.9099998474121,56.560001373291,52.5,54.25,43517
2019-01-03,55.9500007629395,56.2900009155273,53.9300003051758,54.7700004577637,36535
2019-01-04,57.060001373291,58.2999992370606,55.3600006103516,55.5800018310547,42426
2019-01-07,57.3300018310547,58.9199981689453,57.2799987792969,57.3699989318848,41677
2019-01-08,58.7200012207031,58.8600006103516,57.1100006103516,57.6300010681152,34135
2019-01-09,61.439998626709,61.6800003051758,58.6199989318848,58.6500015258789,38989
2019-01-10,61.6800003051758,61.9000015258789,60.4500007629395,61.3300018310547,31333
2019-01-11,60.4799995422363,62.4700012207031,60.0800018310547,61.25,31369
2019-01-14,58.9900016784668,61.0200004577637,58.9099998474121,60.5400009155273,31241
2019-01-15,60.6399993896484,60.8499984741211,59.1100006103516,59.2599983215332,29948
2019-01-16,61.3199996948242,61.4300003051758,60.0400009155273,60.6399993896484,32025
2019-01-17,61.1800003051758,61.5400009155273,60.0400009155273,61.1800003051758,30131
2019-01-18,62.7000007629395,62.9900016784668,61.060001373291,61.189998626709,39637
2019-01-22,61.5,63.1199989318848,60.5800018310547,62.7400016784668,53602
2019-01-23,61.1399993896484,62.2999992370606,60.2200012207031,61.5699996948242,35364
2019-01-24,61.0900001525879,61.5,60.4099998474121,61.0200004577637,35861
2019-01-25,61.6399993896484,61.9099998474121,60.7099990844727,61.1399993896484,30262
2019-01-28,59.9300003051758,61.6699981689453,59.4799995422363,61.3300018310547,34315
2019-01-29,61.3199996948242,61.7900009155273,59.7599983215332,59.9799995422363,18715
2019-01-30,61.6500015258789,62.6399993896484,61.0699996948242,61.25,12039
2019-01-31,61.8899993896484,62.3199996948242,61.6399993896484,61.689998626709,1288
2019-02-01,61.8699989318848,,,,30044
2019-02-04,62.5099983215332,63.6300010681152,61.2799987792969,62.7000007629395,36025
2019-02-05,61.9799995422363,63.0200004577637,61.7200012207031,62.7799987792969,27285
2019-02-06,62.689998626709,62.7999992370606,61.0499992370606,62.0400009155273,26542
2019-02-07,61.6300010681152,62.9000015258789,60.6100006103516,62.6599998474121,33982
2019-02-08,62.0999984741211,62.3499984741211,61.0499992370606,61.5999984741211,36111
2019-02-11,61.5099983215332,62.3400001525879,60.9000015258789,62.0,35285
2019-02-12,62.4199981689453,63.3199996948242,61.5400009155273,61.5999984741211,36801
2019-02-13,63.6100006103516,63.9599990844727,62.6500015258789,62.6500015258789,33859
2019-02-14,64.5699996948242,64.8099975585938,63.2799987792969,63.6300010681152,39526
2019-02-15,66.25,66.4000015258789,64.4300003051758,64.6100006103516,36154
2019-02-19,66.4499969482422,66.8300018310547,65.5800018310547,66.3099975585938,46238
2019-02-20,67.0800018310547,67.370002746582,65.629997253418,66.3600006103516,29155
2019-02-21,67.0699996948242,67.3199996948242,66.6999969482422,67.1500015258789,27113
2019-02-22,67.120002746582,67.7300033569336,66.8300018310547,66.8899993896484,23973
2019-02-25,64.7600021362305,67.4700012207031,64.5599975585938,66.8000030517578,31914
2019-02-26,65.2099990844727,65.7200012207031,64.3399963378906,64.7200012207031,18661
2019-02-27,66.3899993896484,66.6999969482422,65.3000030517578,65.5400009155273,10200
2019-02-28,66.0299987792969,66.3600006103516,65.75,66.3199996948242,28959
2019-03-01,65.0699996948242,67.1399993896484,64.5899963378906,66.4100036621094,38355
2019-03-04,65.6699981689453,66.3399963378906,65.0100021362305,65.0100021362305,28931
2019-03-05,65.8600006103516,66.2200012207031,65.0400009155273,65.7200012207031,28346
2019-03-06,65.9899978637695,66.1699981689453,65.2300033569336,65.629997253418,41210
2019-03-07,66.3000030517578,66.9899978637695,65.7600021362305,65.9300003051758,35738
2019-03-08,65.7399978637695,66.0800018310547,64.0100021362305,66.0699996948242,49867
2019-03-11,66.5800018310547,66.7799987792969,65.6500015258789,65.7300033569336,37538
2019-03-12,66.6699981689453,67.3899993896484,66.3499984741211,66.6800003051758,37897
2019-03-13,67.5500030517578,67.75,66.7099990844727,66.879997253418,36739
2019-03-14,67.2300033569336,68.129997253418,67.0299987792969,67.5899963378906,32817
2019-03-15,67.1600036621094,67.7099990844727,66.1399993896484,67.129997253418,34969
2019-03-18,67.5400009155273,67.6900024414063,66.6999969482422,67.0500030517578,31752
2019-03-19,67.6100006103516,68.2200012207031,67.1399993896484,67.4499969482422,30329
2019-03-20,68.5,68.5699996948242,67.1900024414063,67.5199966430664,35132
2019-03-21,67.8600006103516,68.6999969482422,67.6100006103516,68.3199996948242,35417
2019-03-22,67.0299987792969,67.9700012207031,66.2099990844727,67.7099990844727,45565
2019-03-25,67.2099990844727,67.6399993896484,66.370002746582,66.9300003051758,36691
2019-03-26,67.9700012207031,68.2200012207031,67.25,67.25,38187
2019-03-27,67.8300018310547,68.3499984741211,67.1999969482422,67.870002746582,26692
2019-03-28,67.8199996948242,68.0,66.5500030517578,67.870002746582,11876
2019-03-29,68.3899993896484,68.879997253418,67.8199996948242,68.0,43566
2019-04-01,69.0100021362305,69.1900024414063,67.5400009155273,67.5400009155273,49439
2019-04-02,69.370002746582,69.5199966430664,68.6900024414063,69.2099990844727,46166
2019-04-03,69.3099975585938,69.9599990844727,68.8000030517578,69.7900009155273,46550
2019-04-04,69.4000015258789,70.0100021362305,68.879997253418,69.4899978637695,37531
2019-04-05,70.3399963378906,70.4700012207031,68.9300003051758,69.2600021362305,36491
2019-04-08,71.0999984741211,71.1900024414063,70.4400024414063,70.5,40966
2019-04-09,70.6100006103516,71.3399963378906,70.3000030517578,71.0800018310547,37189
2019-04-10,71.7300033569336,71.7900009155273,70.5800018310547,70.8300018310547,46506
2019-04-11,70.8300018310547,71.6800003051758,70.5800018310547,71.6600036621094,39968
2019-04-12,71.5500030517578,71.8600006103516,70.9000015258789,70.9199981689453,32729
2019-04-15,71.1800003051758,71.6500015258789,70.7799987792969,71.620002746582,28582
2019-04-16,71.7200012207031,71.9400024414063,70.75,71.2699966430664,43907
2019-04-17,71.620002746582,72.2600021362305,71.4599990844727,71.8399963378906,40910
2019-04-18,71.9700012207031,72.0299987792969,71.2099990844727,71.5500030517578,38122
2019-04-22,74.0400009155273,74.5100021362305,71.9000015258789,72.0500030517578,48893
2019-04-23,74.5100021362305,74.7300033569336,73.9899978637695,74.1999969482422,50165
2019-04-24,74.5699996948242,74.7200012207031,74.0,74.3199996948242,46326
2019-04-25,74.3499984741211,75.5899963378906,74.0,74.5299987792969,62237
2019-04-26,72.1500015258789,74.4100036621094,71.2900009155273,74.3000030517578,32803
2019-04-29,72.0400009155273,72.5,71.1100006103516,71.6999969482422,16694
2019-04-30,72.8000030517578,73.1999969482422,71.7300033569336,72.0999984741211,43783
2019-05-01,72.1800003051758,72.3600006103516,71.2900009155273,71.5199966430664,32617
2019-05-02,70.75,72.2200012207031,69.6800003051758,72.1500015258789,51722
2019-05-03,70.8499984741211,71.5400009155273,69.9599990844727,70.3199996948242,39000
2019-05-06,71.2399978637695,71.7900009155273,68.7600021362305,70.5999984741211,36208
2019-05-07,69.879997253418,71.3099975585938,69.3899993896484,71.1600036621094,48729
2019-05-08,70.370002746582,70.8000030517578,69.3199996948242,69.8199996948242,45312
2019-05-09,70.3899993896484,70.6399993896484,69.4000015258789,70.2300033569336,46554
2019-05-10,70.620002746582,71.2300033569336,70.1699981689453,70.3000030517578,50395
2019-05-13,70.2300033569336,72.5699996948242,69.7300033569336,70.9000015258789,62747
2019-05-14,71.2399978637695,71.6399993896484,69.9300003051758,69.9899978637695,57905
2019-05-15,71.7699966430664,72.25,70.4199981689453,70.9800033569336,48596
2019-05-16,72.620002746582,73.3499984741211,71.8199996948242,71.9499969482422,56835
2019-05-17,72.2099990844727,73.2300033569336,71.7799987792969,72.8600006103516,43365
2019-05-20,71.9700012207031,73.3899993896484,71.5899963378906,73.0999984741211,48963
2019-05-21,72.1800003051758,72.5199966430664,71.6100006103516,72.0299987792969,55652
2019-05-22,70.9899978637695,72.0199966430664,70.4199981689453,71.879997253418,57458
2019-05-23,67.7600021362305,70.7300033569336,67.0,70.6999969482422,80487
2019-05-24,68.6900024414063,69.3000030517578,67.3199996948242,68.0100021362305,66452
2019-05-28,70.1100006103516,70.5800018310547,68.5500030517578,69.0999984741211,65297
2019-05-29,69.4499969482422,70.0899963378906,68.0699996948242,70.0500030517578,32769
2019-05-30,66.870002746582,69.9499969482422,66.3000030517578,69.7300033569336,19076
2019-05-31,64.4899978637695,66.7300033569336,64.4199981689453,66.7099990844727,67969
2019-06-03,61.2799987792969,62.8300018310547,60.4599990844727,61.5999984741211,60640
2019-06-04,61.9700012207031,62.0999984741211,60.2200012207031,60.8400001525879,58666
2019-06-05,60.6300010681152,62.2599983215332,59.4500007629395,61.4799995422363,67012
2019-06-06,61.6699981689453,62.4199981689453,60.1399993896484,60.5800018310547,51701
2019-06-07,63.2900009155273,63.5800018310547,61.7799987792969,62.2200012207031,44888
2019-06-10,62.2900009155273,64.129997253418,62.0499992370606,63.689998626709,34096
2019-06-11,62.2900009155273,62.8699989318848,62.0099983215332,62.3600006103516,41448
2019-06-12,59.9700012207031,62.1100006103516,59.5699996948242,62.1100006103516,47691
2019-06-13,61.310001373291,62.6399993896484,59.7599983215332,59.8199996948242,72728
2019-06-14,62.0099983215332,62.5699996948242,60.7400016784668,61.3800010681152,38166
2019-06-17,60.939998626709,62.3499984741211,60.7200012207031,61.9700012207031,46699
2019-06-18,62.1399993896484,62.8300018310547,60.25,61.0200004577637,46430
2019-06-19,61.8199996948242,62.5200004577637,61.3899993896484,62.25,51499
2019-06-20,64.4499969482422,64.8099975585938,62.1699981689453,62.2099990844727,64896
2019-06-21,65.1999969482422,65.75,63.9900016784668,64.7399978637695,51282
2019-06-24,64.8600006103516,65.8000030517578,64.0999984741211,65.5400009155273,39427
2019-06-25,65.0500030517578,65.9599990844727,64.1800003051758,64.7200012207031,37722
2019-06-26,66.4899978637695,66.8600006103516,65.6100006103516,65.7699966430664,26217
2019-06-27,66.5500030517578,66.7900009155273,65.6500015258789,66.0899963378906,13127
2019-06-28,66.5500030517578,66.7799987792969,66.0599975585938,66.6500015258789,32575
2019-07-01,65.0599975585938,66.7399978637695,64.2200012207031,65.2799987792969,46308
2019-07-02,62.4000015258789,65.5,62.2299995422363,65.1900024414063,47774
2019-07-03,63.8199996948242,64.0,62.0699996948242,62.75,35881
2019-07-05,64.2300033569336,64.5199966430664,62.9099998474121,63.8800010681152,34614
2019-07-08,64.1100006103516,65.129997253418,63.7999992370606,64.370002746582,29582
2019-07-09,64.1600036621094,65.0199966430664,63.7400016784668,63.9199981689453,28731
2019-07-10,67.0100021362305,67.129997253418,64.4899978637695,64.4899978637695,40838
2019-07-11,66.5199966430664,67.6399993896484,66.4400024414063,66.7200012207031,37676
2019-07-12,66.7200012207031,67.2699966430664,66.5100021362305,66.7799987792969,31996
2019-07-15,66.4800033569336,67.4599990844727,66.0699996948242,66.6500015258789,35583
2019-07-16,64.3499984741211,67.0800018310547,63.8499984741211,66.129997253418,41087
2019-07-17,63.6599998474121,65.2799987792969,63.2299995422363,64.3300018310547,34392
2019-07-18,61.9300003051758,64.4599990844727,61.2900009155273,63.6300010681152,48628
2019-07-19,62.4700012207031,63.3400001525879,61.8400001525879,62.5800018310547,36709
2019-07-22,63.2599983215332,64.0199966430664,62.7700004577637,62.9099998474121,33851
2019-07-23,63.8300018310547,64.4499969482422,62.6599998474121,63.2900009155273,31220
2019-07-24,63.1800003051758,64.6600036621094,62.5900001525879,64.2399978637695,42616
2019-07-25,63.3899993896484,64.2300033569336,63.0299987792969,63.1500015258789,27929
2019-07-26,63.4599990844727,63.9599990844727,63.0200004577637,63.2400016784668,26232
2019-07-29,63.7099990844727,63.9099998474121,62.9099998474121,63.1199989318848,14517
2019-07-30,64.7200012207031,65.0400009155273,63.8499984741211,63.8499984741211,11005
2019-07-31,65.1699981689453,65.3600006103516,64.5400009155273,64.6100006103516,34287
2019-08-01,60.5,64.5199966430664,60.0299987792969,64.2900009155273,63060
2019-08-02,61.8899993896484,62.9300003051758,60.8899993896484,61.0999984741211,47421
2019-08-05,59.810001373291,61.5499992370606,59.6699981689453,61.5499992370606,47722
2019-08-06,58.939998626709,60.5400009155273,58.5699996948242,60.0,34335
2019-08-07,56.2299995422363,59.189998626709,55.8800010681152,58.560001373291,52628
2019-08-08,57.3800010681152,58.0099983215332,56.7700004577637,57.3699989318848,36965
2019-08-09,58.5299987792969,59.0999984741211,57.1199989318848,57.6500015258789,34015
2019-08-12,58.5699996948242,58.8699989318848,57.8800010681152,58.3600006103516,30960
2019-08-13,61.2999992370606,61.5,57.9799995422363,58.4000015258789,45522
2019-08-14,59.4799995422363,61.0800018310547,58.2299995422363,60.9799995422363,45545
2019-08-15,58.2299995422363,59.4199981689453,57.689998626709,59.0499992370606,45864
2019-08-16,58.6399993896484,59.5,58.2900009155273,58.4199981689453,25244
2019-08-19,59.7400016784668,59.9199981689453,58.5900001525879,58.6300010681152,30652
2019-08-20,60.0299987792969,60.3199996948242,58.9599990844727,59.7400016784668,30782
2019-08-21,60.2999992370606,61.4099998474121,60.0499992370606,60.060001373291,33717
2019-08-22,59.9199981689453,60.8899993896484,59.4700012207031,60.4199981689453,33800
2019-08-23,59.3400001525879,60.2799987792969,58.3199996948242,60.0400009155273,41613
2019-08-26,58.7000007629395,60.1699981689453,58.2700004577637,58.4000015258789,26628
2019-08-27,59.5099983215332,60.1399993896484,58.5099983215332,58.7099990844727,30198
2019-08-28,60.4900016784668,61.0499992370606,59.8199996948242,60.1399993896484,17141
2019-08-29,61.0800018310547,61.1800003051758,60.0099983215332,60.4900016784668,10658
2019-08-30,60.4300003051758,61.1399993896484,60.2999992370606,61.0299987792969,41940
2019-09-03,58.2599983215332,59.25,57.2200012207031,59.0699996948242,51149
2019-09-04,60.7000007629395,60.9599990844727,58.0900001525879,58.2400016784668,36192
2019-09-05,60.9500007629395,62.3899993896484,60.25,60.5099983215332,37813
2019-09-06,61.5400009155273,61.8800010681152,59.4099998474121,60.810001373291,37585
2019-09-09,62.5900001525879,62.9900016784668,61.5400009155273,61.5400009155273,31505
2019-09-10,62.3800010681152,63.7700004577637,62.1699981689453,62.7400016784668,32170
2019-09-11,60.810001373291,63.25,60.5200004577637,62.6800003051758,37485
2019-09-12,60.3800010681152,61.3899993896484,58.9099998474121,61.0299987792969,44952
2019-09-13,60.2200012207031,60.7999992370606,59.5999984741211,60.4099998474121,26153
2019-09-16,69.0199966430664,71.0,64.7799987792969,67.0,69899
2019-09-17,64.5500030517578,69.25,63.560001373291,68.1699981689453,87185
2019-09-18,63.5999984741211,64.9899978637695,63.0699996948242,64.25,37459
2019-09-19,64.4000015258789,65.5699996948242,63.4700012207031,63.6500015258789,36971
2019-09-20,64.2799987792969,65.2699966430664,64.0500030517578,64.9800033569336,23355
2019-09-23,64.7699966430664,65.3199996948242,63.5400009155273,65.3199996948242,25895
2019-09-24,63.0999984741211,64.5299987792969,62.3499984741211,64.4800033569336,30503
2019-09-25,62.3899993896484,62.810001373291,61.2200012207031,62.4300003051758,25272
2019-09-26,62.7400016784668,62.9199981689453,61.4599990844727,62.5800018310547,11043
2019-09-27,61.9099998474121,62.7200012207031,60.7700004577637,62.5299987792969,9063
2019-09-30,60.7799987792969,62.0800018310547,60.7700004577637,61.8800010681152,34510
2019-10-01,58.8899993896484,60.0900001525879,58.4099998474121,59.5299987792969,41174
2019-10-02,57.689998626709,59.4900016784668,57.2299995422363,59.2200012207031,40386
2019-10-03,57.7099990844727,57.9900016784668,56.1500015258789,57.5,49093
2019-10-04,58.3699989318848,58.9500007629395,57.5999984741211,57.5999984741211,41717
2019-10-07,58.3499984741211,59.6699981689453,57.7000007629395,57.7000007629395,28765
2019-10-08,58.2400016784668,58.9300003051758,57.3699989318848,58.4700012207031,38868
2019-10-09,58.3199996948242,59.3400001525879,57.9500007629395,58.0999984741211,36036
2019-10-10,59.0999984741211,59.5299987792969,57.1100006103516,58.3899993896484,36561
2019-10-11,60.5099983215332,60.689998626709,59.2099990844727,59.5800018310547,51613
2019-10-14,59.3499984741211,60.75,58.5099983215332,60.560001373291,39154
2019-10-15,58.7400016784668,59.6800003051758,58.0,59.2900009155273,49695
2019-10-16,59.4199981689453,59.7299995422363,58.3499984741211,58.7599983215332,43443
2019-10-17,59.9099998474121,60.0299987792969,58.6399993896484,59.0999984741211,44951
2019-10-18,59.4199981689453,60.2700004577637,59.0,59.8800010681152,33528
2019-10-21,58.9599990844727,59.5400009155273,58.2599983215332,59.3600006103516,35588
2019-10-22,59.7000007629395,60.2599983215332,58.7700004577637,59.0499992370606,37803
2019-10-23,61.1699981689453,61.2999992370606,58.8499984741211,59.6300010681152,37010
2019-10-24,61.6699981689453,61.9099998474121,60.6599998474121,61.0900001525879,35367
2019-10-25,62.0200004577637,62.1100006103516,60.939998626709,61.5200004577637,31392
2019-10-28,61.5699996948242,62.3400001525879,61.2000007629395,61.9900016784668,24870
2019-10-29,61.5900001525879,61.9799995422363,60.6699981689453,61.6500015258789,16903
2019-10-30,60.6100006103516,61.9099998474121,60.4700012207031,61.310001373291,13275
2019-10-31,60.2299995422363,61.0299987792969,60.0699996948242,60.689998626709,36213
2019-11-01,61.689998626709,61.810001373291,59.4000015258789,59.5499992370606,28361
2019-11-04,62.1300010681152,62.7799987792969,61.2900009155273,62.0,28961
2019-11-05,62.9599990844727,63.1699981689453,61.9000015258789,62.060001373291,27103
2019-11-06,61.7400016784668,63.3199996948242,61.5900001525879,62.939998626709,34901
2019-11-07,62.2900009155273,62.9000015258789,61.6399993896484,61.7799987792969,33158
2019-11-08,62.5099983215332,62.689998626709,60.6599998474121,62.3400001525879,34325
2019-11-11,62.1800003051758,62.75,61.5800018310547,62.5099983215332,23316
2019-11-12,62.060001373291,62.8499984741211,61.7999992370606,62.1699981689453,30687
2019-11-13,62.3699989318848,62.7299995422363,61.2299995422363,61.9700012207031,33278
2019-11-14,62.2799987792969,63.2000007629395,62.1399993896484,62.5499992370606,27803
2019-11-15,63.2999992370606,63.6399993896484,61.7000007629395,62.3300018310547,32240
2019-11-18,62.439998626709,63.5800018310547,61.939998626709,63.2999992370606,29294
2019-11-19,60.9099998474121,62.5499992370606,60.6300010681152,62.3300018310547,32258
2019-11-20,62.4000015258789,62.7999992370606,60.2999992370606,60.7400016784668,39331
2019-11-21,63.9700012207031,64.0299987792969,61.9300003051758,62.439998626709,36374
2019-11-22,63.3899993896484,64.3000030517578,62.9900016784668,63.6699981689453,33785
2019-11-25,63.6500015258789,63.7900009155273,62.9599990844727,63.4599990844727,25178
2019-11-26,64.2699966430664,64.3099975585938,63.4500007629395,63.5099983215332,23433
2019-11-27,64.0599975585938,64.5999984741211,63.5299987792969,64.1399993896484,15263
2019-11-29,62.4300003051758,64.0400009155273,62.4000015258789,64.0400009155273,47386
2019-12-02,60.9199981689453,62.0800018310547,60.5,60.7999992370606,39023
2019-12-03,60.8199996948242,61.5900001525879,60.2999992370606,60.9099998474121,32863
2019-12-04,63.0,63.5299987792969,60.9900016784668,61.1599998474121,41730
2019-12-05,63.3899993896484,63.9000015258789,62.75,63.0499992370606,38903
2019-12-06,64.3899993896484,64.8600006103516,62.8300018310547,63.2900009155273,43303
2019-12-09,64.25,64.5,63.6100006103516,64.4000015258789,32410
2019-12-10,64.3399963378906,64.6800003051758,63.7700004577637,64.0,31170
2019-12-11,63.7200012207031,64.25,63.0099983215332,64.1600036621094,31647
2019-12-12,64.1999969482422,64.8399963378906,63.8699989318848,63.8899993896484,32866
2019-12-13,65.2200012207031,65.7799987792969,64.3899993896484,64.4100036621094,34575
2019-12-16,65.3399963378906,65.6500015258789,64.879997253418,64.9800033569336,31476
2019-12-17,66.0999984741211,66.2300033569336,65.120002746582,65.370002746582,35092
2019-12-18,66.1699981689453,66.4199981689453,65.5699996948242,65.8300018310547,31943
2019-12-19,66.5400009155273,66.7799987792969,66.0400009155273,66.120002746582,29280
2019-12-20,66.1399993896484,66.7099990844727,65.7300033569336,66.5199966430664,33986
2019-12-23,66.3899993896484,66.5999984741211,65.8099975585938,66.2099990844727,21599
2019-12-24,67.1999969482422,67.25,66.370002746582,66.5100021362305,18562
2019-12-26,67.9199981689453,67.9499969482422,67.1900024414063,67.370002746582,10745
2019-12-27,68.1600036621094,68.2900009155273,67.5800018310547,67.9199981689453,8223
2019-12-30,68.4400024414063,68.9100036621094,68.1800003051758,68.2099990844727,34100
2019-12-31,66.0,66.9199981689453,65.6399993896484,66.6800003051758,30892
2020-01-02,66.25,66.5699996948242,65.7300033569336,66.4700012207031,25810
2020-01-03,68.5999984741211,69.4800033569336,66.2200012207031,66.2900009155273,78848
2020-01-06,68.9100036621094,70.7200012207031,68.1900024414063,69.0699996948242,51933
2020-01-07,68.2699966430664,68.7399978637695,67.6500015258789,68.5800018310547,41178
2020-01-08,65.4400024414063,71.9899978637695,64.9400024414063,68.4700012207031,85232
2020-01-09,65.370002746582,66.0899963378906,64.5500030517578,65.7900009155273,50520
2020-01-10,64.9800033569336,65.6600036621094,64.8600006103516,65.4100036621094,46595
2020-01-13,64.1999969482422,65.25,63.9199981689453,65.1800003051758,35430
2020-01-14,64.4899978637695,65.0400009155273,63.9099998474121,64.2200012207031,34682
2020-01-15,64.0,64.6100006103516,63.5499992370606,64.4599990844727,34164
2020-01-16,64.620002746582,64.9599990844727,63.9199981689453,64.3099975585938,38391
2020-01-17,64.8499984741211,65.1399993896484,64.4899978637695,64.75,35541
2020-01-21,64.5899963378906,66.0,64.0599975585938,65.4000015258789,50484
2020-01-22,63.2099990844727,64.5899963378906,62.5299987792969,64.5400009155273,35127
2020-01-23,62.0400009155273,62.7799987792969,61.25,62.6300010681152,43330
2020-01-24,60.689998626709,62.4599990844727,60.2200012207031,62.1199989318848,43263
2020-01-27,59.3199996948242,60.4900016784668,58.5,60.2799987792969,39367
2020-01-28,59.5099983215332,60.1100006103516,58.5,58.9500007629395,41537
2020-01-29,59.810001373291,60.6100006103516,59.25,59.6699981689453,21453
2020-01-30,58.2900009155273,59.6100006103516,57.7299995422363,59.6100006103516,17435
2020-01-31,58.1599998474121,59.5299987792969,57.9799995422363,59.0699996948242,68547
2020-02-03,54.4500007629395,56.7599983215332,54.0699996948242,55.8499984741211,66338
2020-02-04,53.9599990844727,55.6399993896484,53.689998626709,54.1500015258789,52393
2020-02-05,55.2799987792969,56.4700012207031,53.8800010681152,53.8800010681152,56117
2020-02-06,54.9300003051758,56.560001373291,54.2400016784668,55.5699996948242,50605
2020-02-07,54.4700012207031,55.4700012207031,54.2099990844727,55.3600006103516,43796
2020-02-10,53.2700004577637,54.7000007629395,53.1100006103516,54.2400016784668,35920
2020-02-11,54.0099983215332,54.6599998474121,53.3499984741211,53.3499984741211,36294
2020-02-12,55.7900009155273,56.2999992370606,54.1800003051758,54.1800003051758,43350
2020-02-13,56.3400001525879,56.8300018310547,54.9700012207031,56.3400001525879,48775
2020-02-14,57.3199996948242,57.5299987792969,56.1599998474121,56.4000015258789,41913
2020-02-18,57.75,57.8199996948242,56.2900009155273,57.3400001525879,47337
2020-02-19,59.1199989318848,59.4099998474121,57.5400009155273,57.7000007629395,36217
2020-02-20,59.310001373291,60.0200004577637,58.9000015258789,59.3400001525879,34207
2020-02-21,58.5,59.2700004577637,57.7400016784668,59.1599998474121,39006
2020-02-24,56.2999992370606,58.1199989318848,55.1399993896484,58.0200004577637,28258
2020-02-25,54.9500007629395,56.9700012207031,54.6100006103516,56.2200012207031,27751
2020-02-26,53.4300003051758,55.439998626709,53.0400009155273,55.0800018310547,26216
2020-02-27,52.1800003051758,53.439998626709,51.0499992370606,53.439998626709,9616
2020-02-28,50.5200004577637,51.4900016784668,50.1199989318848,51.3699989318848,53362
2020-03-02,51.9000015258789,52.7799987792969,48.3800010681152,49.0400009155273,47286
2020-03-03,51.8600006103516,53.8699989318848,51.2400016784668,52.9799995422363,42862
2020-03-04,51.1300010681152,53.0299987792969,51.0400009155273,51.7299995422363,39712
2020-03-05,49.9900016784668,52.0099983215332,49.7000007629395,51.6500015258789,39679
2020-03-06,45.2700004577637,50.4300003051758,45.1599998474121,50.1199989318848,69464
2020-03-09,34.3600006103516,39.2400016784668,31.25,39.2400016784668,76517
2020-03-10,37.2200012207031,38.2099990844727,33.439998626709,33.4599990844727,67054
2020-03-11,35.7900009155273,39.6199989318848,35.3600006103516,37.7999992370606,60513
2020-03-12,33.2200012207031,36.5299987792969,32.4799995422363,36.1300010681152,67484
2020-03-13,33.8499984741211,35.9900016784668,32.1699981689453,32.8600006103516,50707
2020-03-16,30.0499992370605,34.5499992370606,29.3400001525879,34.4599990844727,43527
2020-03-17,28.7299995422363,31.2199993133545,28.4599990844727,29.7000007629395,32969
2020-03-18,24.8799991607666,29.1900005340576,24.5100002288818,28.6599998474121,47500
2020-03-19,28.4699993133545,29.3799991607666,24.9799995422363,26.4400005340576,41724
2020-03-20,26.9799995422363,30.9300003051758,26.7900009155273,28.0,51866
2020-03-23,27.0300006866455,27.5200004577637,24.6800003051758,26.5,31642
2020-03-24,27.1499996185303,28.6399993896484,26.6900005340576,27.6399993896484,30946
2020-03-25,27.3899993896484,28.2800006866455,25.7299995422363,27.6000003814697,27352
2020-03-26,26.3400001525879,27.6700000762939,26.0400009155273,27.5900001525879,26819
2020-03-27,24.9300003051758,27.0,24.1700000762939,26.7099990844727,23547
2020-03-30,22.7600002288818,24.25,21.6900005340576,24.0,9112
2020-03-31,22.7399997711182,23.8600006103516,22.5799999237061,22.9599990844727,40694
2020-04-01,24.7399997711182,26.2700004577637,24.5400009155273,25.9300003051758,43466
2020-04-02,29.9400005340576,32.5999984741211,25.4300003051758,25.6299991607666,65518
2020-04-03,34.1100006103516,35.0,28.2800006866455,29.9599990844727,55373
2020-04-06,33.0499992370606,34.2299995422363,30.5499992370605,31.25,36779
2020-04-07,31.8700008392334,34.1800003051758,31.7299995422363,33.310001373291,36246
2020-04-08,32.8400001525879,33.8699989318848,31.5499992370605,32.4099998474121,39293
2020-04-09,31.4799995422363,36.4300003051758,31.2399997711182,33.6599998474121,48214
2020-04-13,31.7399997711182,33.2299995422363,30.6399993896484,33.0,28098
2020-04-14,29.6000003814697,32.3800010681152,29.3999996185303,32.0900001525879,32146
2020-04-15,27.6900005340576,30.4200000762939,27.1700000762939,30.0100002288818,32129
2020-04-16,27.8199996948242,29.0100002288818,27.2000007629395,28.0599994659424,30922
2020-04-17,28.0799999237061,29.0,27.6000003814697,28.4699993133545,44417
2020-04-20,25.5699996948242,28.2399997711182,25.3799991607666,28.0499992370605,46467
2020-04-21,19.3299999237061,27.2299995422363,17.5200004577637,25.9599990844727,83111
2020-04-22,20.3700008392334,22.4599990844727,16.0,19.5599994659424,51051
2020-04-23,21.3299999237061,23.1800003051758,20.0599994659424,21.2999992370605,44993
2020-04-24,21.4400005340576,22.6700000762939,20.5100002288818,21.7900009155273,36158
2020-04-27,19.9899997711182,21.9099998474121,19.1100006103516,21.2999992370605,25906
2020-04-28,20.4599990844727,21.2700004577637,18.7299995422363,20.1700000762939,21996
2020-04-29,22.5400009155273,23.8299999237061,20.3500003814697,20.75,14425
2020-04-30,25.2700004577637,25.8099994659424,23.1100006103516,23.1100006103516,42900
2020-05-01,26.4400005340576,27.9500007629395,25.75,26.7199993133545,28681
2020-05-04,27.2000007629395,28.0799999237061,25.4799995422363,26.2099990844727,30309
2020-05-05,30.9699993133545,31.6900005340576,27.7999992370605,27.9400005340576,38518
2020-05-06,29.7199993133545,32.4900016784668,28.6700000762939,31.8799991607666,37505
2020-05-07,29.4599990844727,31.8400001525879,29.0699996948242,30.1200008392334,36701
2020-05-08,30.9699993133545,31.1299991607666,29.3999996185303,29.4300003051758,20277
2020-05-11,29.6299991607666,31.4500007629395,29.3600006103516,30.6800003051758,33638
2020-05-12,29.9799995422363,30.6800003051758,29.4500007629395,30.0699996948242,25820
2020-05-13,29.1900005340576,30.5400009155273,28.8700008392334,29.4699993133545,25072
2020-05-14,31.1299991607666,31.4899997711182,28.8999996185303,29.3899993896484,25953
2020-05-15,32.5,32.9000015258789,30.9599990844727,31.3500003814697,29410
2020-05-18,34.810001373291,35.7200012207031,32.7099990844727,32.7099990844727,28869
2020-05-19,34.6500015258789,35.8600006103516,34.2000007629395,35.439998626709,24952
2020-05-20,35.75,36.4000015258789,34.3699989318848,34.4300003051758,25571
2020-05-21,36.060001373291,36.9799995422363,35.7099990844727,35.7999992370606,29933
2020-05-22,35.1300010681152,36.2299995422363,33.5499992370606,35.939998626709,31482
2020-05-26,36.1699981689453,36.6800003051758,34.4599990844727,35.1300010681152,29328
2020-05-27,34.7400016784668,36.1800003051758,34.0,36.0999984741211,16676
2020-05-28,35.2900009155273,35.8899993896484,33.3899993896484,34.3400001525879,9367
2020-05-29,35.3300018310547,35.3600006103516,34.1800003051758,35.0299987792969,32101
2020-06-01,38.3199996948242,38.6800003051758,37.1699981689453,37.5400009155273,26475
2020-06-02,39.5699996948242,39.7900009155273,38.3400001525879,38.4799995422363,27662
2020-06-03,39.7900009155273,40.5299987792969,38.75,39.5200004577637,34099
2020-06-04,39.9900016784668,40.0999984741211,39.060001373291,39.3800010681152,22661
2020-06-05,42.2999992370606,42.4799995422363,39.7200012207031,39.9300003051758,28827
2020-06-08,40.7999992370606,43.4300003051758,40.6800003051758,42.4099998474121,28718
2020-06-09,41.1800003051758,41.4300003051758,39.8499984741211,40.9500007629395,26258
2020-06-10,41.7299995422363,41.9900016784668,40.1300010681152,40.8699989318848,23565
2020-06-11,38.5499992370606,41.310001373291,37.8300018310547,41.310001373291,36881
2020-06-12,38.7299995422363,39.439998626709,37.0,38.3800010681152,29653
2020-06-15,39.7200012207031,39.8800010681152,37.2400016784668,38.689998626709,30674
2020-06-16,40.9599990844727,41.6599998474121,38.9700012207031,39.7700004577637,35087
2020-06-17,40.7099990844727,41.4500007629395,40.0299987792969,40.7099990844727,29078
2020-06-18,41.5099983215332,41.6399993896484,40.0499992370606,40.5800018310547,31042
2020-06-19,42.189998626709,42.9300003051758,41.0099983215332,41.4199981689453,34079
2020-06-22,43.0800018310547,43.1699981689453,41.5099983215332,41.5499992370606,24433
2020-06-23,42.6300010681152,43.9300003051758,42.2099990844727,43.1699981689453,27036
2020-06-24,40.310001373291,42.8899993896484,39.6199989318848,42.3300018310547,28537
2020-06-25,41.0499992370606,41.6399993896484,39.4700012207031,40.4300003051758,32530
2020-06-26,41.0200004577637,41.7799987792969,40.2900009155273,41.4700012207031,13481
2020-06-29,41.7099990844727,41.939998626709,40.060001373291,40.310001373291,9783
2020-06-30,41.1500015258789,41.6199989318848,40.939998626709,41.5499992370606,29381
2020-07-01,42.0299987792969,42.6199989318848,41.0299987792969,41.7200012207031,26731
2020-07-02,43.1399993896484,43.2200012207031,41.75,42.0200004577637,21825
2020-07-06,43.0999984741211,43.7099990844727,42.75,42.75,28969
2020-07-07,43.0800018310547,43.4500007629395,42.4599990844727,43.1500015258789,18827
2020-07-08,43.2900009155273,43.4599990844727,42.7799987792969,42.9599990844727,19171
2020-07-09,42.3499984741211,43.5,41.9300003051758,43.3800010681152,23249
2020-07-10,43.2400016784668,43.4099998474121,41.3199996948242,42.4000015258789,24083
2020-07-13,42.7200012207031,43.3300018310547,42.189998626709,43.1100006103516,22911
2020-07-14,42.9000015258789,43.2000007629395,41.7999992370606,42.3199996948242,21724
2020-07-15,43.7900009155273,43.8400001525879,42.7000007629395,43.1500015258789,23596
2020-07-16,43.3699989318848,43.810001373291,43.1399993896484,43.6399993896484,20484
2020-07-17,43.1399993896484,43.4599990844727,42.6300010681152,43.3400001525879,21774
2020-07-20,43.2799987792969,43.4300003051758,42.3699989318848,43.0900001525879,18019
2020-07-21,44.3199996948242,44.8800010681152,43.1199989318848,43.1800003051758,24167
2020-07-22,44.2900009155273,44.4000015258789,43.6199989318848,43.9000015258789,19676
2020-07-23,43.310001373291,44.7700004577637,43.1300010681152,44.3499984741211,25759
2020-07-24,43.3400001525879,43.9000015258789,42.7999992370606,43.3600006103516,21918
2020-07-27,43.4099998474121,43.7700004577637,42.3800010681152,43.4000015258789,22507
2020-07-28,43.2200012207031,43.8199996948242,43.0099983215332,43.6199989318848,17828
2020-07-29,43.75,43.939998626709,43.2000007629395,43.2999992370606,10911
2020-07-30,42.939998626709,43.8199996948242,41.3800010681152,43.7999992370606,8373
2020-07-31,43.2999992370606,43.5200004577637,43.0699996948242,43.3199996948242,23641
2020-08-03,44.1500015258789,44.4500007629395,42.8899993896484,43.5499992370606,26883
2020-08-04,44.4300003051758,44.8199996948242,43.2400016784668,43.9099998474121,27305
2020-08-05,45.1699981689453,46.2400016784668,44.25,44.4000015258789,29337
2020-08-06,45.0900001525879,45.7099990844727,44.8499984741211,45.2400016784668,23131
2020-08-07,44.4000015258789,45.25,44.2599983215332,45.1199989318848,20363
2020-08-10,44.9900016784668,45.2599983215332,44.4000015258789,44.6100006103516,13672
2020-08-11,44.5,45.7799987792969,44.4099998474121,44.9900016784668,19786
2020-08-12,45.4300003051758,45.6199989318848,44.5099983215332,44.5800018310547,16995
2020-08-13,44.9599990844727,45.5800018310547,44.8199996948242,45.4300003051758,13877
2020-08-14,44.7999992370606,45.4199981689453,44.4799995422363,45.0499992370606,16681
2020-08-17,45.3699989318848,45.4199981689453,44.5,44.9599990844727,19441
2020-08-18,45.4599990844727,45.5400009155273,44.7700004577637,45.3800010681152,18063
2020-08-19,45.3699989318848,45.4900016784668,44.810001373291,45.0400009155273,
2020-08-20,44.9000015258789,45.2700004577637,44.0099983215332,45.2700004577637,24042
2020-08-21,44.3499984741211,45.1199989318848,43.5999984741211,44.9099998474121,25495
2020-08-24,45.1300010681152,45.1699981689453,44.2799987792969,44.4199981689453,21033
2020-08-25,45.8600006103516,46.0400009155273,44.9900016784668,44.9900016784668,23808
2020-08-26,45.6399993896484,46.0900001525879,45.5499992370606,45.9799995422363,16657
2020-08-27,45.0900001525879,45.8199996948242,44.560001373291,45.6199989318848,10776
2020-08-28,45.0499992370606,45.2900009155273,44.8199996948242,45.0499992370606,21040
2020-08-31,45.2799987792969,46.5099983215332,45.2200012207031,45.7099990844727,18967
2020-09-01,45.5800018310547,46.2200012207031,45.4700012207031,45.5699996948242,19914
2020-09-02,44.4300003051758,46.0400009155273,44.2000007629395,45.8499984741211,31416
2020-09-03,44.0699996948242,44.6100006103516,43.1599998474121,44.3699989318848,30615
2020-09-04,42.6599998474121,44.5400009155273,42.2999992370606,43.8699989318848,32210
2020-09-08,39.7799987792969,42.4500007629395,39.2999992370606,42.2200012207031,52172
2020-09-09,40.7900009155273,41.2000007629395,39.2799987792969,39.7999992370606,30286
2020-09-10,40.060001373291,40.9500007629395,39.7200012207031,40.6399993896484,24171
2020-09-11,39.8300018310547,40.3499984741211,39.3800010681152,39.9500007629395,24576
2020-09-14,39.6100006103516,40.0900001525879,39.310001373291,39.7700004577637,22118
2020-09-15,40.5299987792969,40.8199996948242,39.3899993896484,39.6599998474121,25333
2020-09-16,42.2200012207031,42.439998626709,40.5800018310547,40.75,29327
2020-09-17,43.2999992370606,43.5099983215332,41.5200004577637,42.2599983215332,27245
2020-09-18,43.1500015258789,43.810001373291,42.5299987792969,43.2599983215332,26032
2020-09-21,41.439998626709,43.2799987792969,40.9799995422363,43.0200004577637,24298
2020-09-22,41.7200012207031,42.189998626709,41.2099990844727,41.7900009155273,19914
2020-09-23,41.7700004577637,42.6399993896484,41.25,41.7400016784668,23779
2020-09-24,41.939998626709,42.0200004577637,41.1199989318848,41.5,21940
2020-09-25,41.9199981689453,42.3300018310547,41.5299987792969,41.9300003051758,17141
2020-09-28,42.4300003051758,42.6199989318848,41.4799995422363,41.8499984741211,11999
2020-09-29,41.0299987792969,42.5200004577637,40.439998626709,42.4300003051758,8209
2020-09-30,40.9500007629395,40.9700012207031,40.4199981689453,40.75,35524
2020-10-01,40.9300003051758,42.560001373291,39.9199981689453,42.0200004577637,36595
2020-10-02,39.2700004577637,40.8199996948242,38.7900009155273,40.7900009155273,37290
2020-10-05,41.2900009155273,41.7799987792969,39.2099990844727,39.2200012207031,30456
2020-10-06,42.6500015258789,42.8400001525879,41.2200012207031,41.5200004577637,37426
2020-10-07,41.9900016784668,42.4199981689453,41.3600006103516,41.939998626709,30170
2020-10-08,43.3400001525879,43.4700012207031,41.8600006103516,42.060001373291,33351
2020-10-09,42.8499984741211,43.560001373291,42.6100006103516,43.4099998474121,26041
2020-10-12,41.7200012207031,42.810001373291,41.3499984741211,42.689998626709,24754
2020-10-13,42.4500007629395,42.6699981689453,41.6500015258789,41.8300018310547,22528
2020-10-14,43.3199996948242,43.4300003051758,42.1300010681152,42.4199981689453,28837
2020-10-15,43.1599998474121,43.5999984741211,41.560001373291,43.4099998474121,40144
2020-10-16,42.9300003051758,43.2000007629395,42.2700004577637,43.0400009155273,24159
2020-10-19,42.6199989318848,43.2200012207031,42.3699989318848,42.7400016784668,26265
2020-10-20,43.1599998474121,43.310001373291,42.189998626709,42.4300003051758,31677
2020-10-21,41.7299995422363,43.0400009155273,41.4599990844727,42.8199996948242,31681
2020-10-22,42.4599990844727,42.7900009155273,41.4700012207031,41.7200012207031,30590
2020-10-23,41.7700004577637,42.7999992370606,41.5,42.439998626709,26207
2020-10-26,40.4599990844727,41.6300010681152,40.2200012207031,41.6300010681152,28463
2020-10-27,41.2000007629395,41.4700012207031,40.4000015258789,40.5200004577637,26720
2020-10-28,39.1199989318848,40.7099990844727,38.7400016784668,40.7099990844727,21228
2020-10-29,37.6500015258789,39.5,36.6800003051758,39.3199996948242,14205
2020-10-30,37.4599990844727,38.0200004577637,37.0,37.6199989318848,43651
2020-11-02,38.9700012207031,39.3400001525879,35.7299995422363,37.4199981689453,40454
2020-11-03,39.7099990844727,40.439998626709,38.6500015258789,39.2200012207031,39534
2020-11-04,41.2299995422363,41.3400001525879,39.4099998474121,40.1500015258789,39329
2020-11-05,40.9300003051758,41.5200004577637,40.3400001525879,41.1699981689453,30961
2020-11-06,39.4500007629395,40.7799987792969,39.3300018310547,40.7700004577637,33078
2020-11-09,42.4000015258789,43.4900016784668,39.6100006103516,39.7000007629395,55156
2020-11-10,43.6100006103516,44.0699996948242,41.5499992370606,42.1300010681152,41973
2020-11-11,43.7999992370606,45.310001373291,43.6100006103516,43.9599990844727,43047
2020-11-12,43.5299987792969,44.4799995422363,43.2799987792969,43.7799987792969,36578
2020-11-13,42.7799987792969,43.3400001525879,42.6300010681152,43.3300018310547,34737
2020-11-16,43.8199996948242,44.6800003051758,42.6399993896484,42.7299995422363,37770
2020-11-17,43.75,44.2299995422363,43.0800018310547,43.9000015258789,27858
2020-11-18,44.3400001525879,44.8800010681152,43.4900016784668,43.7799987792969,28668
2020-11-19,44.2000007629395,44.5800018310547,43.7900009155273,44.1599998474121,25836
2020-11-20,44.9599990844727,45.189998626709,44.0,44.2200012207031,24489
2020-11-23,46.060001373291,46.1199989318848,44.9000015258789,45.1300010681152,35378
2020-11-24,47.8600006103516,48.0299987792969,45.8400001525879,45.8400001525879,31692
2020-11-25,48.6100006103516,49.0499992370606,47.5999984741211,47.8600006103516,24897
2020-11-27,48.1800003051758,49.0699996948242,47.3600006103516,48.9000015258789,12454
2020-11-30,47.5900001525879,47.9500007629395,46.8499984741211,47.75,37651
2020-12-01,47.4199981689453,48.2999992370606,46.8899993896484,47.7000007629395,31987
2020-12-02,48.25,48.75,46.7700004577637,47.1399993896484,35514
2020-12-03,48.7099990844727,48.9300003051758,47.6800003051758,48.0800018310547,36526
2020-12-04,49.25,49.8600006103516,48.7700004577637,48.8199996948242,31658
2020-12-07,48.7900009155273,49.4300003051758,48.3899993896484,49.2299995422363,23896
2020-12-08,48.8400001525879,49.0,48.1100006103516,48.6800003051758,27102
2020-12-09,48.8600006103516,49.5400009155273,48.3800010681152,48.8300018310547,36534
2020-12-10,50.25,51.0699996948242,48.8600006103516,48.9799995422363,30919
2020-12-11,49.9700012207031,50.7400016784668,49.75,50.3400001525879,25222
2020-12-14,50.2900009155273,50.7999992370606,49.1800003051758,50.060001373291,28782
2020-12-15,50.7599983215332,50.8800010681152,49.7900009155273,50.3300018310547,24071
2020-12-16,51.0800018310547,51.2000007629395,50.3600006103516,50.7200012207031,25996
2020-12-17,51.5,51.8800010681152,51.0099983215332,51.0800018310547,24947
2020-12-18,52.2599983215332,52.4700012207031,51.1399993896484,51.4500007629395,24749
2020-12-21,50.9099998474121,52.3400001525879,49.2099990844727,52.310001373291,33507
2020-12-22,50.0800018310547,50.9300003051758,49.560001373291,50.9000015258789,22381
2020-12-23,51.2000007629395,51.5900001525879,49.1800003051758,49.7999992370606,18879
2020-12-24,51.2900009155273,51.7599983215332,50.6399993896484,51.0999984741211,11666
2020-12-28,50.8600006103516,52.0200004577637,50.5200004577637,51.2000007629395,9704
2020-12-29,51.0900001525879,51.6300010681152,50.8699989318848,51.060001373291,5788
2020-12-30,51.3400001525879,51.5200004577637,51.0499992370606,51.0499992370606,23958
2020-12-31,51.7999992370606,51.9099998474121,50.9000015258789,51.5099983215332,18326
2021-01-04,51.0900001525879,53.3199996948242,50.5800018310547,51.6599998474121,50232
2021-01-05,53.5999984741211,53.8800010681152,50.6199989318848,50.7400016784668,62791
2021-01-06,54.2999992370606,54.7200012207031,53.1500015258789,53.5900001525879,49186
2021-01-07,54.3800010681152,54.9000015258789,53.939998626709,54.1399993896484,30800
2021-01-08,55.9900016784668,56.2999992370606,54.3600006103516,54.4599990844727,37597
2021-01-11,55.6599998474121,56.2799987792969,54.9799995422363,56.2099990844727,33199
2021-01-12,56.5800018310547,56.7799987792969,55.5299987792969,55.560001373291,27874
2021-01-13,56.060001373291,57.4199981689453,55.7799987792969,56.7299995422363,32953
2021-01-14,56.4199981689453,56.5400009155273,55.2400016784668,55.939998626709,33446
2021-01-15,55.0999984741211,56.6399993896484,54.6500015258789,56.4300003051758,30604
2021-01-19,55.9000015258789,56.0800018310547,54.5,54.7400016784668,36910
2021-01-20,56.0800018310547,56.6199989318848,55.6500015258789,55.9000015258789,33793
2021-01-21,56.0999984741211,56.2400016784668,55.5099983215332,55.7799987792969,22792
2021-01-22,55.4099998474121,56.1699981689453,54.4900016784668,56.1500015258789,33071
2021-01-25,55.8800010681152,56.0200004577637,55.0900001525879,55.2000007629395,24457
2021-01-26,55.9099998474121,56.3400001525879,55.4000015258789,55.9799995422363,19102
2021-01-27,55.810001373291,56.4799995422363,55.2000007629395,56.0800018310547,20094
2021-01-28,55.5299987792969,56.5900001525879,55.2200012207031,55.6699981689453,6141
2021-01-29,55.8800010681152,56.3499984741211,55.4300003051758,55.5200004577637,37454
2021-02-01,56.3499984741211,56.5299987792969,54.6199989318848,54.9000015258789,34234
2021-02-02,57.4599990844727,58.0499992370606,56.2200012207031,56.2900009155273,34815
2021-02-03,58.4599990844727,58.939998626709,57.5299987792969,57.7900009155273,34146
2021-02-04,58.8400001525879,59.0499992370606,58.060001373291,58.6699981689453,24732
2021-02-05,59.3400001525879,59.7900009155273,59.0800018310547,59.0999984741211,23510
2021-02-08,60.560001373291,60.7000007629395,59.5499992370606,59.560001373291,21098
2021-02-09,61.0900001525879,61.2700004577637,60.0400009155273,60.6399993896484,31230
2021-02-10,61.4700012207031,61.6800003051758,60.8899993896484,61.2299995422363,28344
2021-02-11,61.1399993896484,61.5,60.7299995422363,61.2099990844727,26169
2021-02-12,62.4300003051758,62.8300018310547,60.3400001525879,60.8600006103516,36933
2021-02-16,63.3499984741211,63.810001373291,62.689998626709,62.7700004577637,65492
2021-02-17,64.3399963378906,64.9499969482422,62.75,63.5499992370606,47339
2021-02-18,63.9300003051758,65.4899978637695,63.2299995422363,64.870002746582,43309
2021-02-19,62.9099998474121,63.9300003051758,62.1100006103516,63.6500015258789,54254
2021-02-22,65.2399978637695,65.8399963378906,62.5900001525879,62.7299995422363,32173
2021-02-23,65.370002746582,66.7900009155273,64.4800033569336,65.6600036621094,34643
2021-02-24,67.0400009155273,67.2900009155273,64.8000030517578,65.2300033569336,27000
2021-02-25,66.879997253418,67.6999969482422,66.4899978637695,67.3399963378906,11746
2021-02-26,66.129997253418,66.879997253418,65.6999969482422,66.7099990844727,42394
2021-03-01,63.689998626709,65.9100036621094,63.1800003051758,64.7099990844727,33869
2021-03-02,62.7000007629395,64.129997253418,62.3699989318848,63.3899993896484,37996
2021-03-03,64.0699996948242,64.6999969482422,62.3400001525879,62.4700012207031,35401
2021-03-04,66.7399978637695,67.7300033569336,63.3600006103516,63.939998626709,67790
2021-03-05,69.3600006103516,69.6900024414063,66.6600036621094,67.2600021362305,40754
2021-03-08,68.2399978637695,71.3600006103516,67.8099975585938,69.9000015258789,37511
2021-03-09,67.5199966430664,69.3199996948242,67.1399993896484,68.0999984741211,30989
2021-03-10,67.9000015258789,68.4300003051758,66.5199966430664,67.3300018310547,37089
2021-03-11,69.629997253418,69.8300018310547,68.0,68.2600021362305,30629
2021-03-12,69.2200012207031,69.9000015258789,69.0299987792969,69.5899963378906,27364
2021-03-15,68.879997253418,70.0199966430664,67.8300018310547,69.120002746582,30212
2021-03-16,68.3899993896484,68.9599990844727,67.3600006103516,68.8600006103516,27321
2021-03-17,68.0,68.879997253418,66.9599990844727,68.3899993896484,37607
2021-03-18,63.2799987792969,68.1500015258789,61.4199981689453,67.9300003051758,61688
2021-03-19,64.5299987792969,64.9000015258789,62.0800018310547,62.8300018310547,54241
2021-03-22,64.620002746582,65.0699996948242,63.4500007629395,64.6600036621094,29644
2021-03-23,60.7900009155273,64.3399963378906,60.2599983215332,64.3099975585938,43200
2021-03-24,64.4100036621094,64.5599975585938,60.3400001525879,60.3499984741211,36451
2021-03-25,61.9500007629395,64.1500015258789,60.9799995422363,64.1500015258789,27894
2021-03-26,64.5699996948242,64.879997253418,61.7400016784668,61.7400016784668,23364
2021-03-29,64.9800033569336,65.4499969482422,63.1399993896484,64.0400009155273,18231
2021-03-30,64.1399993896484,65.6500015258789,63.6399993896484,65.3099975585938,4695
2021-03-31,63.5400009155273,64.6900024414063,63.5400009155273,64.4800033569336,38444
2021-04-01,64.8600006103516,65.1600036621094,62.3699989318848,62.9900016784668,66715
2021-04-05,62.1500015258789,64.8099975585938,61.2400016784668,64.8099975585938,37285
2021-04-06,62.7400016784668,64.2699966430664,62.0800018310547,62.2999992370606,44319
2021-04-07,63.1599998474121,63.5200004577637,61.5999984741211,62.6800003051758,42225
2021-04-08,63.2000007629395,63.4199981689453,62.3800010681152,62.9799995422363,32283
2021-04-09,62.9500007629395,63.4599990844727,62.5699996948242,63.2900009155273,29073
2021-04-12,63.2799987792969,64.3099975585938,62.4099998474121,63.0200004577637,36366
2021-04-13,63.6699981689453,64.1800003051758,63.2299995422363,63.2400016784668,26957
2021-04-14,66.5800018310547,66.9000015258789,63.8899993896484,64.0100021362305,35988
2021-04-15,66.9400024414063,67.0299987792969,65.9599990844727,66.3499984741211,23442
2021-04-16,66.7699966430664,67.379997253418,66.4499969482422,66.8600006103516,24035
2021-04-19,67.0500030517578,67.2300033569336,66.1900024414063,66.6900024414063,19740
2021-04-20,66.5699996948242,68.0800018310547,65.5,67.120002746582,40194
2021-04-21,65.3199996948242,66.5199966430664,64.9599990844727,66.3600006103516,32764
2021-04-22,65.4000015258789,65.8399963378906,64.5800018310547,65.1100006103516,26722
2021-04-23,66.1100006103516,66.3099975585938,65.1699981689453,65.620002746582,22397
2021-04-26,65.6500015258789,66.25,64.5699996948242,66.0199966430664,27250
2021-04-27,66.4199981689453,66.8000030517578,65.6999969482422,65.7699966430664,33604
2021-04-28,67.2699966430664,67.8600006103516,66.1600036621094,66.6600036621094,24119
2021-04-29,68.5599975585938,68.9499969482422,67.0400009155273,67.0400009155273,10592
2021-04-30,67.25,68.3199996948242,67.1500015258789,68.3199996948242,31012
2021-05-03,67.5599975585938,67.8300018310547,66.0800018310547,66.7699966430664,17852
2021-05-04,68.879997253418,69.4300003051758,67.379997253418,67.6500015258789,27613
2021-05-05,68.9599990844727,69.9599990844727,68.3399963378906,69.5,32004
2021-05-06,68.0899963378906,69.370002746582,67.9300003051758,68.5699996948242,25171
2021-05-07,68.2799987792969,68.6100006103516,67.379997253418,68.2900009155273,29163
2021-05-10,68.3199996948242,70.2600021362305,67.4100036621094,68.620002746582,31833
2021-05-11,68.5500030517578,68.75,67.129997253418,68.2399978637695,40504
2021-05-12,69.3199996948242,69.9000015258789,68.1900024414063,68.7200012207031,31702
2021-05-13,67.0500030517578,69.0199966430664,66.4700012207031,69.0199966430664,38726
2021-05-14,68.7099990844727,68.8600006103516,66.5,67.0100021362305,31042
2021-05-17,69.4599990844727,69.629997253418,68.1999969482422,68.8600006103516,26662
2021-05-18,68.7099990844727,70.2399978637695,67.2799987792969,69.5299987792969,43138
2021-05-19,66.6600036621094,68.5999984741211,65.2900009155273,68.5800018310547,42607
2021-05-20,65.1100006103516,67.1500015258789,64.7900009155273,66.7300033569336,35448
2021-05-21,66.4400024414063,66.9400024414063,64.5599975585938,65.0400009155273,33829
2021-05-24,68.4599990844727,68.6399993896484,66.4700012207031,66.6399993896484,29400
2021-05-25,68.6500015258789,68.8899993896484,67.8399963378906,68.3899993896484,20377
2021-05-26,68.870002746582,69.1600036621094,68.0299987792969,68.629997253418,21097
2021-05-27,69.4599990844727,69.5100021362305,68.1100006103516,68.879997253418,6546
2021-05-28,69.629997253418,69.8300018310547,69.4199981689453,69.620002746582,31275
2021-06-01,70.25,71.3499984741211,68.7699966430664,69.0299987792969,39925
2021-06-02,71.3499984741211,71.4899978637695,70.370002746582,70.5599975585938,22202
2021-06-03,71.3099975585938,71.9800033569336,70.6600036621094,71.2699966430664,25178
2021-06-04,71.8899993896484,72.1699981689453,70.7600021362305,71.3499984741211,24006
2021-06-07,71.4899978637695,72.2600021362305,71.0999984741211,71.6999969482422,21019
2021-06-08,72.2200012207031,72.4100036621094,70.7200012207031,71.3899993896484,29742
2021-06-09,72.2200012207031,72.879997253418,71.8199996948242,72.1399993896484,31013
2021-06-10,72.5199966430664,72.9199981689453,70.9499969482422,72.0899963378906,37080
2021-06-11,72.6900024414063,73.0800018310547,71.879997253418,72.3899993896484,36538
2021-06-14,72.8600006103516,73.6399993896484,72.4899978637695,72.4899978637695,25816
2021-06-15,73.9899978637695,74.3300018310547,72.7799987792969,73.0999984741211,32191
2021-06-16,74.3899993896484,74.9599990844727,73.8899993896484,74.3000030517578,42294
2021-06-17,73.0800018310547,74.4899978637695,72.0,73.9800033569336,42085
2021-06-18,73.5100021362305,73.75,72.1800003051758,73.0699996948242,26417
2021-06-21,74.9000015258789,74.9499969482422,72.9800033569336,73.3300018310547,38734
2021-06-22,74.8099975585938,75.2900009155273,74.3399963378906,74.8099975585938,39381
2021-06-23,75.1900024414063,76.0,74.7300033569336,74.7600021362305,32883
2021-06-24,75.5599975585938,75.7699966430664,74.5199966430664,75.370002746582,26664
2021-06-25,76.1800003051758,76.2099990844727,74.9499969482422,75.6100006103516,31417
2021-06-28,74.6800003051758,76.5899963378906,74.5199966430664,76.1600036621094,27711
2021-06-29,74.7600021362305,75.5100021362305,73.9100036621094,74.5999984741211,4089
2021-06-30,75.129997253418,75.5999984741211,74.5400009155273,75.1399993896484,33596
2021-07-01,75.8399963378906,76.75,74.5500030517578,74.6999969482422,52210
2021-07-02,76.1699981689453,76.4300003051758,75.2300033569336,75.5899963378906,31167
2021-07-06,74.5299987792969,77.8300018310547,74.120002746582,76.0899963378906,58679
2021-07-07,73.4300003051758,75.9899978637695,72.5899963378906,74.9599990844727,51166
2021-07-08,74.120002746582,74.3899993896484,72.0999984741211,73.4700012207031,42366
2021-07-09,75.5500030517578,75.7900009155273,73.8199996948242,74.3600006103516,31967
2021-07-12,75.1600036621094,75.8399963378906,74.2399978637695,75.6399993896484,32255
2021-07-13,76.4899978637695,76.6100006103516,74.9599990844727,75.2300033569336,32219
2021-07-14,74.7600021362305,76.7099990844727,73.7600021362305,76.4000015258789,49772
2021-07-15,73.4700012207031,74.6399993896484,73.1600036621094,74.5500030517578,41748
2021-07-16,73.5899963378906,74.0699996948242,72.3399963378906,73.2600021362305,33536
2021-07-19,68.620002746582,73.2900009155273,67.8499984741211,73.0,58659
2021-07-20,69.3499984741211,69.7300033569336,67.4199981689453,68.7600021362305,43067
2021-07-21,72.2300033569336,72.3600006103516,68.6399993896484,68.7399978637695,43341
2021-07-22,73.7900009155273,73.9000015258789,71.75,72.0999984741211,34425
2021-07-23,74.0999984741211,74.2099990844727,73.3300018310547,73.7099990844727,23724
2021-07-26,74.5,74.8300018310547,72.75,74.1699981689453,31628
2021-07-27,74.4800033569336,75.0500030517578,74.0199966430664,74.7900009155273,26028
2021-07-28,74.7399978637695,75.3099975585938,74.4400024414063,74.6600036621094,20863
2021-07-29,76.0500030517578,76.1399993896484,74.629997253418,74.8099975585938,9158
2021-07-30,76.3300018310547,76.3899993896484,75.5100021362305,75.8000030517578,27919
2021-08-02,72.8899993896484,75.3300018310547,72.3099975585938,75.1800003051758,38106
2021-08-03,72.4100036621094,73.5299987792969,71.0400009155273,73.2300033569336,41458
2021-08-04,70.379997253418,72.8199996948242,70.120002746582,72.3300018310547,44616
2021-08-05,71.2900009155273,71.5,69.75,70.25,32444
2021-08-06,70.6999969482422,72.4300003051758,70.2799987792969,71.2600021362305,35762
2021-08-09,69.0400009155273,70.0599975585938,67.6100006103516,70.0599975585938,42738
2021-08-10,70.629997253418,71.2300033569336,68.9700012207031,69.2900009155273,30525
2021-08-11,71.4400024414063,71.629997253418,69.0699996948242,70.9100036621094,34214
2021-08-12,71.3099975585938,71.8899993896484,70.6800003051758,71.5800018310547,22952
2021-08-13,70.5899963378906,71.3899993896484,70.0,71.120002746582,26874
2021-08-16,69.5100021362305,70.4000015258789,68.1399993896484,70.2200012207031,33537
2021-08-17,69.0299987792969,70.0100021362305,68.8199996948242,69.6500015258789,29163
2021-08-18,68.2300033569336,70.0400009155273,67.2200012207031,69.0100021362305,34264
2021-08-19,66.4499969482422,67.6500015258789,65.5599975585938,67.4199981689453,35816
2021-08-20,65.1800003051758,66.9199981689453,64.8000030517578,66.5999984741211,27104
2021-08-23,68.75,68.9100036621094,64.8300018310547,65.1800003051758,29582
2021-08-24,71.0500030517578,71.3000030517578,68.5199966430664,68.6800003051758,38685
2021-08-25,72.25,72.4100036621094,70.5100021362305,71.129997253418,32345
2021-08-26,71.0699996948242,72.129997253418,70.6800003051758,71.8399963378906,24373
2021-08-27,72.6999969482422,72.7399978637695,71.1600036621094,71.4199981689453,13316
2021-08-30,73.4100036621094,73.6999969482422,71.9899978637695,73.5899963378906,3291
2021-08-31,72.9899978637695,73.4899978637695,72.9100036621094,73.0299987792969,28933
2021-09-01,71.5899963378906,72.370002746582,70.4100036621094,71.6999969482422,32339
2021-09-02,73.0299987792969,73.4599990844727,70.9199981689453,71.2399978637695,30185
2021-09-03,72.6100006103516,73.6999969482422,72.4000015258789,72.8099975585938,27095
2021-09-07,71.6900024414063,72.7699966430664,71.0999984741211,72.6900024414063,35294
2021-09-08,72.5999984741211,72.9499969482422,71.5599975585938,71.5800018310547,31671
2021-09-09,71.4499969482422,73.1900024414063,70.8899993896484,72.620002746582,35106
2021-09-10,72.9199981689453,73.1399993896484,70.9599990844727,71.3099975585938,26654
2021-09-13,73.5100021362305,73.9300003051758,72.6999969482422,73.0500030517578,26510
2021-09-14,73.5999984741211,74.2699966430664,73.0800018310547,73.7300033569336,27690
2021-09-15,75.4599990844727,76.129997253418,73.7799987792969,73.8399963378906,35197
2021-09-16,75.6699981689453,75.8600006103516,74.4800033569336,75.4599990844727,27363
2021-09-17,75.3399963378906,75.7799987792969,74.5800018310547,75.0100021362305,26771
2021-09-20,73.9199981689453,75.3899993896484,73.5100021362305,75.3899993896484,28251
2021-09-21,74.3600006103516,75.1699981689453,73.25,74.2300033569336,25140
2021-09-22,76.1900024414063,76.2600021362305,74.5100021362305,74.6100006103516,26605
2021-09-23,77.25,77.3399963378906,75.5999984741211,75.870002746582,26832
2021-09-24,78.0899963378906,78.25,76.870002746582,77.1800003051758,20417
2021-09-27,79.5299987792969,79.879997253418,78.2099990844727,78.2300033569336,20799
2021-09-28,79.0899963378906,80.7399978637695,78.0800018310547,79.4199981689453,21656
2021-09-29,78.6399993896484,79.4100036621094,77.5299987792969,78.25,8319
2021-09-30,78.5199966430664,79.1600036621094,77.6399993896484,78.3300018310547,51076
2021-10-01,79.2799987792969,79.4100036621094,77.5699996948242,78.4100036621094,31697
2021-10-04,81.2600021362305,82.0,78.7600021362305,79.3600006103516,43286
2021-10-05,82.5599975585938,83.1100006103516,81.1999969482422,81.2799987792969,44439
2021-10-06,81.0800018310547,83.4400024414063,80.5899963378906,82.6600036621094,41389
2021-10-07,81.9499969482422,82.5,79.0800018310547,80.8000030517578,43830
2021-10-08,82.3899993896484,83.4300003051758,81.9599990844727,82.3899993896484,48729
2021-10-11,83.6500015258789,84.5999984741211,82.5599975585938,82.5899963378906,46216
2021-10-12,83.4199981689453,84.2300033569336,82.7200012207031,83.6100006103516,47351
2021-10-13,83.1800003051758,83.6900024414063,82.2099990844727,83.1600036621094,39594
2021-10-14,84.0,84.5299987792969,83.1900024414063,83.3499984741211,37348
2021-10-15,84.8600006103516,85.0999984741211,84.1699981689453,84.1999969482422,33044
2021-10-18,84.3300018310547,86.0299987792969,83.9599990844727,85.0500030517578,40153
2021-10-19,85.0800018310547,85.4000015258789,83.7099990844727,84.1100006103516,45141
2021-10-20,85.8199996948242,85.8899993896484,83.629997253418,85.0999984741211,43107
2021-10-21,84.6100006103516,86.120002746582,83.3600006103516,85.879997253418,49004
2021-10-22,85.5299987792969,85.9400024414063,83.8300018310547,84.6500015258789,41174
2021-10-25,85.9899978637695,86.7200012207031,85.4400024414063,85.7099990844727,43061
2021-10-26,86.4000015258789,86.5299987792969,85.2799987792969,86.0299987792969,32042
2021-10-27,84.5800018310547,86.2699966430664,84.0500030517578,86.129997253418,25643
2021-10-28,84.3199996948242,84.5699996948242,82.3099975585938,84.1800003051758,10576
2021-10-29,84.379997253418,84.5599975585938,84.0599975585938,84.1900024414063,35155
2021-11-01,84.7099990844727,85.1100006103516,83.0299987792969,83.7300033569336,36245
2021-11-02,84.7200012207031,85.2200012207031,83.7600021362305,84.4199981689453,40105
2021-11-03,81.9899978637695,84.1800003051758,81.0800018310547,84.0400009155273,50062
2021-11-04,80.5400009155273,84.5,80.1900024414063,81.3199996948242,72626
2021-11-05,82.7399978637695,83.1500015258789,80.2699966430664,81.0,43130
2021-11-08,83.4300003051758,83.9899978637695,82.5,82.5699996948242,27655
2021-11-09,84.7799987792969,85.1399993896484,83.1800003051758,83.5899963378906,34996
2021-11-10,82.6399993896484,85.5,82.0899963378906,85.1600036621094,36273
2021-11-11,82.870002746582,83.4300003051758,81.6600036621094,82.6399993896484,31162
2021-11-12,82.1699981689453,82.870002746582,81.2600021362305,82.6699981689453,27167
2021-11-15,82.0500030517578,82.4899978637695,80.6800003051758,81.9199981689453,32804
2021-11-16,82.4300003051758,83.1399993896484,81.5500030517578,82.1100006103516,25767
2021-11-17,80.2799987792969,82.3600006103516,79.7699966430664,82.3300018310547,38038
2021-11-18,81.2399978637695,81.4199981689453,79.2699966430664,80.2799987792969,30490
2021-11-19,78.8899993896484,82.2300033569336,78.0500030517578,81.0100021362305,44180
2021-11-22,79.6999969482422,80.0899963378906,77.5400009155273,78.6699981689453,39085
2021-11-23,82.3099975585938,82.5899963378906,78.5699996948242,79.4199981689453,41865
2021-11-24,82.25,83.0,81.6399993896484,82.1999969482422,30734
2021-11-26,72.7200012207031,82.5599975585938,72.1100006103516,82.2699966430664,29171
2021-11-29,73.4400024414063,77.0,72.6399993896484,73.5899963378906,12507
2021-11-30,70.5699996948242,74.5699996948242,70.2200012207031,74.5699996948242,77840
2021-12-01,68.870002746582,72.8600006103516,68.1500015258789,70.1399993896484,56808
2021-12-02,69.6699981689453,70.7099990844727,65.7699966430664,68.8099975585938,81072
2021-12-03,69.879997253418,72.5999984741211,69.2300033569336,70.5,43639
2021-12-06,73.0800018310547,73.7799987792969,70.2900009155273,70.3000030517578,32294
2021-12-07,75.4400024414063,76.2600021362305,73.2300033569336,73.5400009155273,34533
2021-12-08,75.8199996948242,76.370002746582,74.4000015258789,75.2699966430664,31080
2021-12-09,74.4199981689453,76.6999969482422,73.8300018310547,76.0199966430664,27715
2021-12-10,75.1500015258789,75.6999969482422,73.8000030517578,74.0999984741211,24682
2021-12-13,74.3899993896484,76.3899993896484,74.1900024414063,75.5400009155273,27562
2021-12-14,73.6999969482422,75.1500015258789,72.5699996948242,74.3000030517578,31237
2021-12-15,73.879997253418,74.5699996948242,72.4800033569336,73.2600021362305,29294
2021-12-16,75.0199966430664,75.5899963378906,74.0,74.5699996948242,26965
2021-12-17,73.5199966430664,74.9599990844727,72.620002746582,74.5100021362305,26087
2021-12-20,71.5199966430664,73.0699996948242,69.2600021362305,73.0599975585938,36842
2021-12-21,73.9800033569336,74.2600021362305,71.2399978637695,72.0999984741211,27386
2021-12-22,75.2900009155273,75.6900024414063,73.5899963378906,74.0400009155273,28541
2021-12-23,76.8499984741211,76.9800033569336,74.7900009155273,75.6699981689453,27624
2021-12-27,78.5999984741211,79.0599975585938,75.7600021362305,76.3000030517578,15723
2021-12-28,78.9400024414063,79.8499984741211,78.4700012207031,78.870002746582,8523
2021-12-29,79.2300033569336,80.1600036621094,78.1399993896484,79.0,7057
2021-12-30,79.3199996948242,79.620002746582,78.6600036621094,79.25,24512
2021-12-31,77.7799987792969,79.6800003051758,77.1399993896484,79.1500015258789,21740
2022-01-03,78.9800033569336,79.2799987792969,77.0400009155273,77.9400024414063,27224
2022-01-04,80.0,80.5500030517578,78.5999984741211,78.9499969482422,31321
2022-01-05,80.8000030517578,81.4899978637695,79.5500030517578,80.0800018310547,35152
2022-01-06,81.9899978637695,82.8399963378906,79.629997253418,80.1500015258789,41582
2022-01-07,81.75,82.9899978637695,81.4400024414063,82.0599975585938,29501
2022-01-10,80.870002746582,82.2699966430664,80.4899978637695,81.7900009155273,30035
2022-01-11,83.7200012207031,83.9700012207031,80.879997253418,80.9599990844727,37934
2022-01-12,84.6699981689453,85.1999969482422,83.5100021362305,83.6900024414063,32298
2022-01-13,84.4700012207031,85.0899963378906,83.7900009155273,84.7799987792969,27107
2022-01-14,86.0599975585938,86.5,84.0299987792969,84.129997253418,31970
2022-01-18,87.5100021362305,88.5500030517578,85.5500030517578,86.5,45875
2022-01-19,88.4400024414063,89.1699981689453,87.629997253418,88.4499969482422,37483
2022-01-20,88.379997253418,89.5100021362305,87.0299987792969,87.7300033569336,30524
2022-01-21,87.8899993896484,88.2200012207031,85.7099990844727,87.3499984741211,29566
2022-01-24,86.2699966430664,88.879997253418,85.0199966430664,87.6500015258789,34253
2022-01-25,88.1999969482422,88.3600006103516,86.1900024414063,87.1699981689453,29496
2022-01-26,89.9599990844727,90.4800033569336,87.8000030517578,88.0199966430664,29805
2022-01-27,89.3399963378906,91.0400009155273,88.9800033569336,89.7799987792969,15201
2022-01-28,90.0299987792969,91.6900024414063,89.4100036621094,89.8899993896484,10824
2022-01-31,91.2099990844727,91.3000030517578,90.75,90.8000030517578,33664
2022-02-01,89.1600036621094,89.9599990844727,87.7200012207031,89.379997253418,36248
2022-02-02,89.4700012207031,90.5100021362305,88.2799987792969,89.2900009155273,38172
2022-02-03,91.1100006103516,91.2900009155273,88.0100021362305,89.0599975585938,33059
2022-02-04,93.2699966430664,93.6999969482422,90.8899993896484,91.0400009155273,33357
2022-02-07,92.6900024414063,93.9899978637695,92.1500015258789,92.7300033569336,37016
2022-02-08,90.7799987792969,93.0100021362305,89.9300003051758,93.0100021362305,39288
2022-02-09,91.5500030517578,92.0599975585938,90.0599975585938,91.2699966430664,34759
2022-02-10,91.4100036621094,93.0899963378906,90.9000015258789,91.7200012207031,43235
2022-02-11,94.4400024414063,95.6399993896484,90.5199966430664,91.2600021362305,53045
2022-02-14,96.4800033569336,96.7799987792969,93.4599990844727,95.3099975585938,48449
2022-02-15,93.2799987792969,96.2399978637695,92.0599975585938,95.7600021362305,45181
2022-02-16,94.8099975585938,96.0699996948242,91.1399993896484,93.5899963378906,45148
2022-02-17,92.9700012207031,94.5100021362305,91.8199996948242,92.0899963378906,38045
2022-02-18,93.5400009155273,94.1500015258789,90.2600021362305,92.9800033569336,42436
2022-02-22,96.8399963378906,99.4400024414063,92.5599975585938,94.2799987792969,59945
2022-02-23,96.8399963378906,98.6999969482422,95.8000030517578,96.629997253418,33549
2022-02-24,99.0800018310547,105.75,97.4899978637695,97.5599975585938,21282
2022-02-25,97.9300003051758,101.98999786377,96.0,99.6500015258789,7025
2022-02-28,100.98999786377,104.480003356934,99.9000015258789,100.480003356934,38241
2022-03-01,104.970001220703,107.599998474121,97.6900024414063,98.1100006103516,56428
2022-03-02,112.930000305176,115.050003051758,106.48999786377,107.540000915527,59273
2022-03-03,110.459999084473,119.769996643066,109.419998168945,114.25,37420
2022-03-04,118.110000610352,118.970001220703,109.610000610352,110.580001831055,34984
2022-03-07,123.209999084473,137.0,119.069999694824,121.23999786377,29504
2022-03-08,127.980003356934,133.130004882813,121.370002746582,124.25,38358
2022-03-09,111.139999389648,131.630004882813,108.0,129.570007324219,42740
2022-03-10,109.330001831055,118.330001831055,108.949996948242,112.73999786377,30414
2022-03-11,112.669998168945,113.879997253418,107.129997253418,109.720001220703,18819
2022-03-14,106.900001525879,113.040000915527,103.449996948242,112.900001525879,19364
2022-03-15,99.9100036621094,106.459999084473,97.5,106.0,26067
2022-03-16,98.0199966430664,103.680000305176,96.9499969482422,99.0400009155273,18514
2022-03-17,106.639999389648,107.569999694824,97.879997253418,98.0999984741211,15091
2022-03-18,107.930000305176,109.569999694824,105.800003051758,107.23999786377,10489
2022-03-21,115.620002746582,116.730003356934,107.089996337891,107.370002746582,11620
2022-03-22,115.480003356934,119.419998168945,112.769996643066,116.849998474121,14222
2022-03-23,121.599998474121,122.290000915527,114.419998168945,114.73999786377,14286
2022-03-24,119.029998779297,123.699996948242,116.949996948242,121.269996643066,12778
2022-03-25,120.650001525879,120.870002746582,115.209999084473,118.279998779297,14026
2022-03-28,112.480003356934,120.309997558594,109.059997558594,120.309997558594,15212
2022-03-29,110.230003356934,114.709999084473,104.980003356934,109.730003356934,7152
2022-03-30,113.449996948242,114.650001525879,110.900001525879,111.0,4472
2022-03-31,107.910003662109,109.360000610352,107.370002746582,108.709999084473,22850
2022-04-01,104.389999389648,106.199996948242,102.370002746582,105.98999786377,17144
2022-04-04,107.529998779297,108.550003051758,102.910003662109,104.25,18406
2022-04-05,106.639999389648,109.849998474121,104.559997558594,108.23999786377,15613
2022-04-06,101.069999694824,108.660003662109,100.540000915527,105.790000915527,20212
2022-04-07,100.580001831055,103.5,98.4499969482422,102.150001525879,19577
2022-04-08,102.779998779297,103.25,99.7099990844727,101.690002441406,16735
2022-04-11,98.4800033569336,103.089996337891,97.620002746582,103.069999694824,23852
2022-04-12,104.639999389648,105.599998474121,98.9800033569336,99.25,22697
2022-04-13,108.779998779297,109.0,104.069999694824,104.980003356934,22260
2022-04-14,111.699996948242,112.389999389648,106.639999389648,108.370002746582,17418
2022-04-18,113.160003662109,114.819999694824,110.720001220703,111.889999389648,13187
2022-04-19,107.25,114.050003051758,106.769996643066,112.650001525879,18972
2022-04-20,106.800003051758,108.980003356934,104.669998168945,107.720001220703,15985
2022-04-21,108.330001831055,109.790000915527,106.779998779297,107.01000213623,13203
2022-04-22,106.650001525879,108.730003356934,105.529998779297,108.639999389648,11040
2022-04-25,102.319999694824,105.949996948242,99.4700012207031,105.73999786377,15464
2022-04-26,104.98999786377,106.150001525879,101.120002746582,102.569999694824,13279
2022-04-27,105.319999694824,106.349998474121,103.269996643066,105.370002746582,8064
2022-04-28,107.589996337891,107.930000305176,103.300003051758,104.76000213623,8567
2022-04-29,109.339996337891,109.769996643066,107.650001525879,107.650001525879,32573
2022-05-02,107.580001831055,108.410003662109,103.129997253418,106.199996948242,23606
2022-05-03,104.970001220703,108.300003051758,104.620002746582,107.370002746582,23410
2022-05-04,110.139999389648,111.0,105.5,106.099998474121,21158
2022-05-05,110.900001525879,113.98999786377,109.230003356934,110.139999389648,26443
2022-05-06,112.389999389648,113.519996643066,109.879997253418,111.150001525879,23902
2022-05-09,105.940002441406,113.220001220703,104.949996948242,113.050003051758,28134
2022-05-10,102.459999084473,106.910003662109,101.699996948242,105.559997558594,25904
2022-05-11,107.51000213623,108.26000213623,100.930000305176,101.699996948242,31560
2022-05-12,107.449996948242,108.690002441406,104.690002441406,107.559997558594,27037
2022-05-13,111.550003051758,111.690002441406,107.809997558594,108.0,25050
2022-05-16,114.23999786377,114.779998779297,109.040000915527,111.410003662109,20871
2022-05-17,111.930000305176,115.660003662109,111.120002746582,114.290000915527,23254
2022-05-18,109.110000610352,114.129997253418,108.349998474121,112.889999389648,21217
2022-05-19,112.040000915527,112.269996643066,105.699996948242,109.300003051758,26098
2022-05-20,112.550003051758,113.220001220703,110.540000915527,111.5,16942
2022-05-23,113.419998168945,114.360000610352,111.860000610352,112.73999786377,20660
2022-05-24,113.559997558594,114.629997253418,111.720001220703,113.360000610352,20941
2022-05-25,114.029998779297,115.319999694824,113.040000915527,113.919998168945,12885
2022-05-26,117.400001525879,118.0,113.839996337891,114.449996948242,11590
2022-05-27,119.430000305176,119.730003356934,116.680000305176,117.540000915527,4384
2022-05-31,122.839996337891,124.129997253418,119.360000610352,119.470001220703,41020
2022-06-01,116.290000915527,118.580001831055,115.430000305176,116.629997253418,21546
2022-06-02,117.610000610352,118.440002441406,112.480003356934,115.819999694824,22117
2022-06-03,119.720001220703,121.440002441406,116.080001831055,118.26000213623,11028
2022-06-06,119.51000213623,121.889999389648,118.76000213623,121.349998474121,16523
2022-06-07,120.569999694824,121.379997253418,118.559997558594,120.080001831055,20488
2022-06-08,123.580001831055,124.410003662109,120.459999084473,121.029998779297,21778
2022-06-09,123.069999694824,124.330001831055,122.5,123.889999389648,21008
2022-06-10,122.01000213623,124.330001831055,119.870002746582,122.940002441406,26036
2022-06-13,122.269996643066,123.610000610352,118.949996948242,121.690002441406,21136
2022-06-14,121.169998168945,125.180000305176,118.940002441406,122.5,27702
2022-06-15,118.51000213623,121.849998474121,117.75,121.0,22360
2022-06-16,119.809997558594,120.279998779297,115.580001831055,119.120002746582,24329
2022-06-17,113.120002746582,121.25,111.720001220703,119.339996337891,26686
2022-06-21,114.650001525879,116.25,111.569999694824,113.800003051758,22868
2022-06-22,111.73999786377,114.569999694824,107.029998779297,114.569999694824,33112
2022-06-23,110.050003051758,112.690002441406,108.110000610352,110.220001220703,21806
2022-06-24,113.120002746582,113.98999786377,109.269996643066,109.809997558594,13431
2022-06-27,115.089996337891,116.040000915527,111.25,112.459999084473,11252
2022-06-28,117.980003356934,118.23999786377,115.400001525879,115.839996337891,6673
2022-06-29,116.26000213623,120.379997253418,115.410003662109,117.959999084473,4346
2022-06-30,114.809997558594,116.330001831055,114.809997558594,116.040000915527,24733
2022-07-01,111.629997253418,112.419998168945,108.01000213623,109.459999084473,17090
2022-07-05,102.769996643066,114.690002441406,101.110000610352,111.610000610352,43356
2022-07-06,100.690002441406,105.800003051758,98.5100021362305,104.0,28820
2022-07-07,104.650001525879,106.349998474121,98.4700012207031,99.9599990844727,22837
2022-07-08,107.019996643066,107.449996948242,103.75,104.48999786377,20610
2022-07-11,107.099998474121,107.660003662109,103.660003662109,106.76000213623,17691
2022-07-12,99.4899978637695,106.51000213623,98.9100036621094,106.230003356934,22827
2022-07-13,99.5699996948242,101.199996948242,97.3000030517578,99.3099975585938,22358
2022-07-14,99.0999984741211,100.370002746582,94.5,99.8499984741211,27515
2022-07-15,101.160003662109,102.620002746582,98.2099990844727,99.5999984741211,19146
2022-07-18,106.269996643066,106.470001220703,99.4800033569336,100.919998168945,20217
2022-07-19,107.349998474121,107.599998474121,103.589996337891,105.589996337891,21900
2022-07-20,106.919998168945,107.430000305176,105.089996337891,107.150001525879,23989
2022-07-21,103.860000610352,106.800003051758,101.519996643066,106.790000915527,26598
2022-07-22,103.199996948242,105.680000305176,101.910003662109,104.25,17586
2022-07-25,105.150001525879,105.349998474121,101.669998168945,103.440002441406,14999
2022-07-26,104.400001525879,107.349998474121,103.980003356934,104.809997558594,20242
2022-07-27,106.620002746582,107.800003051758,103.720001220703,104.779998779297,11024
2022-07-28,107.139999389648,108.980003356934,105.959999084473,107.48999786377,6831
2022-07-29,110.01000213623,110.430000305176,108.029998779297,108.050003051758,24476
2022-08-01,100.029998779297,104.370002746582,99.0999984741211,103.870002746582,25670
2022-08-02,100.540000915527,102.410003662109,98.4700012207031,100.0,17357
2022-08-03,96.7799987792969,102.370002746582,96.4800033569336,99.6399993896484,22263
2022-08-04,94.120002746582,97.629997253418,93.1500015258789,97.0100021362305,21011
2022-08-05,94.9199981689453,96.4000015258789,92.75,93.5899963378906,16576
2022-08-08,96.6500015258789,96.7300033569336,92.9899978637695,94.2699966430664,17288
2022-08-09,96.3099975585938,98.3899993896484,94.9100036621094,96.5400009155273,20553
2022-08-10,97.4000015258789,97.9800033569336,93.6100006103516,96.4599990844727,29520
2022-08-11,99.5999984741211,100.160003662109,96.6500015258789,97.2699966430664,20958
2022-08-12,98.1500015258789,100.349998474121,96.9400024414063,99.2900009155273,20095
2022-08-15,95.0999984741211,98.0400009155273,92.7200012207031,97.7600021362305,20714
2022-08-16,92.3399963378906,95.9499969482422,91.7200012207031,93.6399993896484,22549
2022-08-17,93.6500015258789,94.4599990844727,91.5199966430664,92.7699966430664,21011
2022-08-18,96.5899963378906,97.4100036621094,93.0500030517578,93.1800003051758,21327
2022-08-19,96.7200012207031,97.870002746582,94.25,96.629997253418,22212
2022-08-22,96.4800033569336,97.25,92.3600006103516,95.6600036621094,26974
2022-08-23,100.220001220703,100.449996948242,96.5100021362305,96.5800018310547,22624
2022-08-24,101.220001220703,102.0,99.0699996948242,100.160003662109,24490
2022-08-25,99.3399963378906,102.470001220703,99.120002746582,101.599998474121,20704
2022-08-26,100.98999786377,101.169998168945,98.1399993896484,99.879997253418,14241
2022-08-29,105.089996337891,105.480003356934,100.290000915527,100.830001831055,6048
2022-08-30,99.3099975585938,105.370002746582,97.6699981689453,105.0,7116
2022-08-31,96.4899978637695,100.300003051758,95.7600021362305,99.7099990844727,24672
2022-09-01,92.3600006103516,95.6600036621094,91.8099975585938,94.7799987792969,22870
2022-09-02,93.0199966430664,95.3199996948242,92.0,92.0,22869
2022-09-06,92.8300018310547,96.9899978637695,92.2799987792969,93.0899963378906,34757
2022-09-07,88.0,93.7900009155273,87.4000015258789,92.8000030517578,28966
2022-09-08,89.1500015258789,89.8300018310547,87.2300033569336,87.6399993896484,21562
2022-09-09,92.8399963378906,93.0999984741211,88.3199996948242,88.4599990844727,22448
2022-09-12,94.0,95.1699981689453,91.2099990844727,92.3000030517578,22758
2022-09-13,93.1699981689453,95.5100021362305,91.0699996948242,94.2099990844727,27762
2022-09-14,94.0999984741211,95.8099975585938,91.9499969482422,93.4899978637695,30880
2022-09-15,90.8399963378906,94.6500015258789,90.0500030517578,94.4300003051758,29483
2022-09-16,91.3499984741211,92.6399993896484,90.2200012207031,90.6500015258789,20652
2022-09-19,92.0,92.5800018310547,88.4800033569336,91.6500015258789,17627
2022-09-20,90.620002746582,93.0199966430664,89.8000030517578,91.9700012207031,24688
2022-09-21,89.8300018310547,93.5100021362305,89.3000030517578,90.6900024414063,27621
2022-09-22,90.4599990844727,92.8000030517578,89.2900009155273,89.9199981689453,22375
2022-09-23,86.1500015258789,90.7099990844727,85.4599990844727,90.3499984741211,18951
2022-09-26,84.0599975585938,87.6600036621094,83.629997253418,86.7200012207031,14034
2022-09-27,86.2699966430664,87.129997253418,83.9100036621094,83.9100036621094,10008
2022-09-28,89.3199996948242,89.4899978637695,84.2699966430664,85.8300018310547,9937
2022-09-29,88.4899978637695,90.0999984741211,87.4499969482422,88.9499969482422,7456
2022-09-30,87.9599990844727,89.5199966430664,87.8499984741211,88.5599975585938,33026
2022-10-03,88.8600006103516,89.8300018310547,86.5100021362305,86.5100021362305,38251
2022-10-04,91.8000030517578,92.3899993896484,88.6900024414063,88.8899993896484,38971
2022-10-05,93.370002746582,93.9700012207031,90.9000015258789,91.6500015258789,39563
2022-10-06,94.4199981689453,95.0100021362305,92.7300033569336,93.8300018310547,26200
2022-10-07,97.9199981689453,98.5899963378906,93.9300003051758,94.9899978637695,36871
2022-10-10,96.1900024414063,98.7600021362305,95.620002746582,98.6999969482422,24699
2022-10-11,94.2900009155273,96.4499969482422,93.1100006103516,96.1500015258789,31431
2022-10-12,92.4499969482422,95.1699981689453,91.5800018310547,93.6900024414063,29821
2022-10-13,94.5699996948242,94.9000015258789,91.0899963378906,92.4700012207031,32826
2022-10-14,91.629997253418,95.1100006103516,91.2699966430664,94.75,29344
2022-10-17,91.620002746582,93.2300033569336,90.8399963378906,91.7099990844727,23783
2022-10-18,90.0299987792969,92.6500015258789,88.7699966430664,92.0199966430664,40941
2022-10-19,92.4100036621094,92.8399963378906,89.379997253418,90.7900009155273,43364
2022-10-20,92.379997253418,94.7699966430664,91.9199981689453,92.5100021362305,40748
2022-10-21,93.5,93.8000030517578,91.0199966430664,92.7900009155273,26861
2022-10-24,93.2600021362305,94.4400024414063,91.2099990844727,93.6100006103516,28074
2022-10-25,93.5199966430664,94.370002746582,91.629997253418,93.5599975585938,22553
2022-10-26,95.6900024414063,96.1900024414063,92.0400009155273,93.25,15637
2022-10-27,96.9599990844727,97.2799987792969,95.0800018310547,96.1600036621094,14677
2022-10-28,95.7699966430664,96.8899993896484,95.0,96.7799987792969,12135
2022-10-31,94.8300018310547,96.0,94.3199996948242,96.0,23096
2022-11-01,94.6500015258789,95.5500030517578,92.3600006103516,92.8000030517578,21355
2022-11-02,96.1600036621094,96.4700012207031,93.9899978637695,94.6699981689453,28689
2022-11-03,94.6699981689453,95.9400024414063,94.1600036621094,95.6600036621094,21292
2022-11-04,98.5699996948242,98.8199996948242,94.3399963378906,94.4800033569336,31256
2022-11-07,97.9199981689453,99.5599975585938,96.6999969482422,97.7799987792969,22568
2022-11-08,95.3600006103516,98.2699966430664,94.9800033569336,98.0,28901
2022-11-09,92.6500015258789,95.6900024414063,92.3000030517578,95.0100021362305,26729
2022-11-10,93.6699981689453,94.3099975585938,91.6900024414063,92.5400009155273,31486
2022-11-11,95.9899978637695,96.9199981689453,93.2699966430664,93.2699966430664,23629
2022-11-14,93.1399993896484,96.9199981689453,92.4899978637695,95.9700012207031,22959
2022-11-15,93.8600006103516,95.75,91.5299987792969,92.5299987792969,30904
2022-11-16,92.8600006103516,94.7799987792969,91.6800003051758,93.7600021362305,22376
2022-11-17,89.7799987792969,92.879997253418,89.5400009155273,92.8000030517578,29012
2022-11-18,87.620002746582,90.6100006103516,85.7900009155273,89.9800033569336,34614
2022-11-21,87.4499969482422,88.0400009155273,82.3199996948242,87.8000030517578,39835
2022-11-22,88.3600006103516,89.879997253418,87.370002746582,87.6500015258789,23782
2022-11-23,85.4100036621094,89.5400009155273,84.120002746582,88.4100036621094,27071
2022-11-25,83.629997253418,86.9000015258789,83.5599975585938,84.9400024414063,12021
2022-11-28,83.1900024414063,84.0500030517578,80.6399993896484,83.8000030517578,12583
2022-11-29,83.0299987792969,86.0,82.1900024414063,82.3300018310547,12182
2022-11-30,85.4300003051758,85.8199996948242,83.5100021362305,83.5800018310547,23710
2022-12-01,86.879997253418,89.4100036621094,86.25,86.5999984741211,23123
2022-12-02,85.5699996948242,87.8899993896484,85.1900024414063,87.129997253418,23562
2022-12-05,82.6800003051758,88.4300003051758,82.5400009155273,85.5199966430664,25039
2022-12-06,79.3499984741211,83.6699981689453,78.7099990844727,83.0899963378906,26680
2022-12-07,77.1699981689453,80.4800033569336,76.9400024414063,79.7900009155273,26919
2022-12-08,76.1500015258789,79.1800003051758,75.7600021362305,77.4899978637695,33131
2022-12-09,76.0999984741211,77.4700012207031,75.1100006103516,76.7300033569336,24479
2022-12-12,77.9899978637695,78.5800018310547,75.2600021362305,76.6699981689453,23020
2022-12-13,80.6800003051758,81.2799987792969,78.0400009155273,78.1900024414063,30052
2022-12-14,82.6999969482422,83.1399993896484,80.129997253418,80.3399963378906,27330
2022-12-15,81.2099990844727,83.1900024414063,80.8300018310547,82.8399963378906,26470
2022-12-16,79.0400009155273,81.7600021362305,78.2799987792969,81.3399963378906,24439
2022-12-19,79.8000030517578,80.8899993896484,78.629997253418,79.0899963378906,19676
2022-12-20,79.9899978637695,80.9000015258789,78.3000030517578,80.2799987792969,19646
2022-12-21,82.1999969482422,82.5400009155273,79.5999984741211,79.9499969482422,17234
2022-12-22,80.9800033569336,83.8600006103516,80.6800003051758,82.370002746582,16647
2022-12-23,83.9199981689453,84.370002746582,81.3399963378906,81.7300033569336,8621
2022-12-27,84.3300018310547,85.6699981689453,83.6600036621094,84.4599990844727,7512
2022-12-28,83.2600021362305,84.6399993896484,81.9499969482422,84.5999984741211,5384
2022-12-29,82.2600021362305,82.9100036621094,81.3000030517578,82.8600006103516,20599
2022-12-30,85.9100036621094,86.2799987792969,82.879997253418,83.6600036621094,19375
2023-01-03,82.0999984741211,87.0199966430664,81.7699966430664,86.0400009155273,27559
2023-01-04,77.8399963378906,82.6699981689453,77.7200012207031,82.2300033569336,24772
2023-01-05,78.6900024414063,79.9599990844727,77.6100006103516,78.0899963378906,28051
2023-01-06,78.5699996948242,80.5699996948242,78.0500030517578,78.8099975585938,23767
2023-01-09,79.6500015258789,81.370002746582,78.3399963378906,78.4800033569336,29985
2023-01-10,80.0999984741211,80.879997253418,78.8099975585938,79.7099990844727,21541
2023-01-11,82.6699981689453,82.9700012207031,79.3000030517578,79.5899963378906,29995
2023-01-12,84.0299987792969,84.6100006103516,82.379997253418,82.8600006103516,29360
2023-01-13,85.2799987792969,85.4899978637695,83.4899978637695,83.9499969482422,17857
2023-01-17,85.9199981689453,86.8199996948242,83.8600006103516,85.4400024414063,36658
2023-01-18,84.9800033569336,87.8399963378906,84.4000015258789,86.7200012207031,26461
2023-01-19,86.1600036621094,86.8499984741211,83.7399978637695,84.5899963378906,28822
2023-01-20,87.629997253418,87.7699966430664,85.5800018310547,86.3600006103516,24374
2023-01-23,88.1900024414063,89.0999984741211,86.9300003051758,87.8099975585938,21194
2023-01-24,86.129997253418,88.7099990844727,85.8099975585938,88.0299987792969,26572
2023-01-25,86.120002746582,87.0100021362305,85.4100036621094,86.3000030517578,19993
2023-01-26,87.4700012207031,88.0100021362305,85.7799987792969,86.129997253418,14187
2023-01-27,86.6600036621094,88.9100036621094,85.6800003051758,87.5999984741211,10012
2023-01-30,84.9000015258789,87.370002746582,84.75,86.8000030517578,5879
2023-01-31,84.4899978637695,85.1600036621094,83.6900024414063,85.1600036621094,30498
2023-02-01,82.8399963378906,86.1999969482422,82.370002746582,85.5199966430664,28085
2023-02-02,82.1699981689453,83.5999984741211,81.2399978637695,83.0899963378906,24611
2023-02-03,79.9400024414063,84.1900024414063,79.620002746582,82.1500015258789,24743
2023-02-06,80.9899978637695,81.4000015258789,79.0899963378906,79.75,31365
2023-02-07,83.6900024414063,84.0999984741211,81.1800003051758,81.4000015258789,24432
2023-02-08,85.0899963378906,85.1600036621094,83.5,84.0299987792969,29853
2023-02-09,84.5,85.5,83.0599975585938,85.0699996948242,30520
2023-02-10,86.3899993896484,86.9100036621094,83.9400024414063,84.2300033569336,30882
2023-02-13,86.6100006103516,86.9499969482422,85.0899963378906,86.5999984741211,19426
2023-02-14,85.5800018310547,86.4000015258789,84.120002746582,85.75,19585
2023-02-15,85.379997253418,85.8499984741211,83.9000015258789,85.2900009155273,21161
2023-02-16,85.1399993896484,86.1999969482422,84.5999984741211,85.1399993896484,20089
2023-02-17,83.0,84.8499984741211,81.7900009155273,84.6699981689453,27191
2023-02-21,83.0500030517578,84.2900009155273,82.5400009155273,83.0100021362305,31936
2023-02-22,80.5999984741211,83.2300033569336,80.4000015258789,82.7399978637695,20309
2023-02-23,82.2099990844727,82.75,80.3399963378906,80.4700012207031,14474
2023-02-24,83.1600036621094,83.379997253418,81.0699996948242,82.3499984741211,13365
2023-02-27,82.4499969482422,83.629997253418,81.7399978637695,83.120002746582,5691
2023-02-28,83.8899993896484,84.120002746582,82.6100006103516,82.6399993896484,24882
2023-03-01,84.3099975585938,84.4899978637695,82.6100006103516,83.0999984741211,26723
2023-03-02,84.75,85.0899963378906,83.8399963378906,84.3099975585938,17997
2023-03-03,85.8300018310547,86.0,82.3600006103516,84.4100036621094,27594
2023-03-06,86.1800003051758,86.3600006103516,84.3499984741211,85.9300003051758,24587
2023-03-07,83.2900009155273,86.7600021362305,82.6500015258789,86.2300033569336,26092
2023-03-08,82.6600036621094,83.5899963378906,82.0500030517578,82.9800033569336,23661
2023-03-09,81.5899963378906,84.0100021362305,81.4100036621094,82.620002746582,25018
2023-03-10,82.7799987792969,83.0800018310547,80.7300033569336,81.4700012207031,26753
2023-03-13,80.7699966430664,83.4700012207031,78.3399963378906,82.5400009155273,38195
2023-03-14,77.4499969482422,80.879997253418,76.879997253418,80.6900024414063,33198
2023-03-15,73.6900024414063,78.7099990844727,71.629997253418,77.5699996948242,46598
2023-03-16,74.6999969482422,75.5199966430664,71.8600006103516,74.3499984741211,29873
2023-03-17,72.9700012207031,75.9000015258789,71.3499984741211,74.5500030517578,34734
2023-03-20,73.7900009155273,73.8499984741211,70.129997253418,72.8899993896484,22185
2023-03-21,75.3199996948242,75.4000015258789,72.8099975585938,73.7399978637695,18784
2023-03-22,76.6900024414063,77.0899963378906,74.5199966430664,75.0899963378906,19933
2023-03-23,75.9100036621094,77.4300003051758,75.120002746582,75.7399978637695,18685
2023-03-24,74.9899978637695,76.2799987792969,72.6900024414063,75.4199981689453,18941
2023-03-27,78.120002746582,78.4300003051758,74.8000030517578,75.2399978637695,13874
2023-03-28,78.6500015258789,79.2099990844727,77.5500030517578,78.1800003051758,17782
2023-03-29,78.2799987792969,79.6999969482422,77.9499969482422,79.0199966430664,11027
2023-03-30,79.2699966430664,79.5500030517578,77.8499984741211,78.2200012207031,6818
2023-03-31,79.7699966430664,79.7699966430664,79.0699996948242,79.2799987792969,38477
2023-04-03,84.9300003051758,86.2399978637695,83.2900009155273,83.2900009155273,37587
2023-04-04,84.9400024414063,86.0500030517578,83.870002746582,84.7799987792969,32987
2023-04-05,84.9899978637695,85.5500030517578,84.0100021362305,85.0999984741211,28362
2023-04-06,85.120002746582,85.4400024414063,84.0500030517578,84.8300018310547,
2023-04-10,84.1800003051758,85.6399993896484,84.0800018310547,84.9499969482422,14242
2023-04-11,85.6100006103516,85.6800003051758,83.75,84.2799987792969,28189
2023-04-12,87.3300018310547,87.4899978637695,85.4100036621094,85.5500030517578,36337
2023-04-13,86.0899963378906,87.4700012207031,86.0599975585938,87.1500015258789,26363
2023-04-14,86.3099975585938,86.8600006103516,85.5400009155273,86.3399963378906,28360
2023-04-17,84.7600021362305,86.5100021362305,84.3499984741211,86.2699966430664,30271
2023-04-18,84.7699966430664,85.4000015258789,83.8199996948242,84.8199996948242,27241
2023-04-19,83.120002746582,85.1500015258789,82.4100036621094,84.8600006103516,30732
2023-04-20,81.0999984741211,83.0400009155273,80.7699966430664,83.0,26114
2023-04-21,81.6600036621094,82.0400009155273,80.4499969482422,80.8300018310547,17805
2023-04-24,82.7300033569336,82.9899978637695,80.4899978637695,81.5999984741211,16684
2023-04-25,80.7699966430664,83.0500030517578,80.3499984741211,82.5800018310547,17134
2023-04-26,77.6900024414063,81.4700012207031,77.4800033569336,81.0,15436
2023-04-27,78.370002746582,78.629997253418,77.3899993896484,77.870002746582,8926
2023-04-28,79.5400009155273,79.5999984741211,77.9700012207031,78.3099975585938,26788
2023-05-01,79.3099975585938,80.1900024414063,78.129997253418,80.1800003051758,12551
2023-05-02,75.3199996948242,79.7799987792969,75.0899963378906,79.2600021362305,35700
2023-05-03,72.3300018310547,75.5500030517578,71.6800003051758,75.2699966430664,34878
2023-05-04,72.5,73.7300033569336,68.1999969482422,71.8899993896484,30132
2023-05-05,75.3000030517578,75.7300033569336,72.4100036621094,72.6500015258789,20363
2023-05-08,77.0100021362305,77.4199981689453,74.9599990844727,75.4100036621094,17211
2023-05-09,77.4400024414063,77.4899978637695,75.0699996948242,76.8499984741211,24836
2023-05-10,76.4100036621094,77.5999984741211,75.6800003051758,77.25,30289
2023-05-11,74.9800033569336,77.4000015258789,74.620002746582,76.6399993896484,32136
2023-05-12,74.1699981689453,75.8399963378906,74.0299987792969,75.4599990844727,26553
2023-05-15,75.2300033569336,75.75,73.4899978637695,74.25,24312
2023-05-16,74.9100036621094,75.9499969482422,74.5,75.4499969482422,23070
2023-05-17,76.9599990844727,77.3099975585938,74.0899963378906,74.6800003051758,31285
2023-05-18,75.8600006103516,76.9800033569336,75.4800033569336,76.7900009155273,20152
2023-05-19,75.5800018310547,77.5,75.0999984741211,75.9000015258789,22388
2023-05-22,75.9899978637695,76.4599990844727,74.5500030517578,75.7399978637695,22801
2023-05-23,76.8399963378906,77.7399978637695,75.6500015258789,75.9700012207031,30676
2023-05-24,78.3600006103516,78.6600036621094,77.0400009155273,77.5899963378906,33849
2023-05-25,76.2600021362305,78.5,75.120002746582,78.2600021362305,36272
2023-05-26,76.9499969482422,77.3499984741211,75.7200012207031,76.120002746582,15522
2023-05-30,73.5400009155273,77.7399978637695,73.1600036621094,77.370002746582,13840
2023-05-31,72.6600036621094,73.7699966430664,71.5500030517578,73.6500015258789,34611
2023-06-01,74.2799987792969,75.25,72.0100021362305,72.0899963378906,31338
2023-06-02,76.129997253418,76.4899978637695,74.1800003051758,74.4100036621094,26080
2023-06-05,76.7099990844727,78.7200012207031,76.3000030517578,77.5,34658
2023-06-06,76.2900009155273,76.7600021362305,74.7300033569336,76.4700012207031,27997
2023-06-07,76.9499969482422,77.620002746582,75.5100021362305,76.0699996948242,35446
2023-06-08,75.9599990844727,77.6600036621094,73.5699996948242,76.8000030517578,45284
2023-06-09,74.7900009155273,76.5500030517578,74.7200012207031,75.5299987792969,25616
2023-06-12,71.8399963378906,74.879997253418,71.5699996948242,74.879997253418,33191
2023-06-13,74.2900009155273,74.6500015258789,71.9499969482422,72.0,28142
2023-06-14,73.1999969482422,75.4800033569336,73.0299987792969,74.0699996948242,26201
2023-06-15,75.6699981689453,75.9599990844727,72.9100036621094,73.4700012207031,21211
2023-06-16,76.6100006103516,76.7399978637695,75.0800018310547,75.5800018310547,20871
2023-06-20,75.9000015258789,77.1500015258789,74.5199966430664,76.2300033569336,34421
2023-06-21,77.120002746582,77.2399978637695,75.379997253418,75.5,22470
2023-06-22,74.1399993896484,77.1900024414063,73.5800018310547,76.9599990844727,30975
2023-06-23,73.8499984741211,74.370002746582,72.0999984741211,74.1500015258789,15800
2023-06-26,74.1800003051758,74.8300018310547,73.4300003051758,74.4499969482422,20960
2023-06-27,72.2600021362305,74.8899993896484,72.0899963378906,74.2300033569336,15262
2023-06-28,74.0299987792969,74.2099990844727,71.5800018310547,72.5599975585938,12437
2023-06-29,74.3399963378906,74.9700012207031,73.4100036621094,73.75,6372
2023-06-30,74.9000015258789,75.129997253418,74.25,74.25,29055
2023-07-03,74.6500015258789,76.5800018310547,74.5800018310547,75.129997253418,24066
2023-07-05,76.6500015258789,76.9400024414063,74.7799987792969,74.9400024414063,35538
2023-07-06,76.5199966430664,77.0800018310547,75.0100021362305,76.5400009155273,29695
2023-07-07,78.4700012207031,78.5299987792969,76.0199966430664,76.4800033569336,26656
2023-07-10,77.6900024414063,78.7799987792969,77.3399963378906,78.4899978637695,21082
2023-07-11,79.4000015258789,79.5,77.6399993896484,77.8600006103516,22736
2023-07-12,80.1100006103516,80.5699996948242,79.2200012207031,79.2799987792969,25367
2023-07-13,81.3600006103516,81.75,79.870002746582,80.1500015258789,28794
2023-07-14,79.870002746582,81.6900024414063,79.5699996948242,81.6100006103516,23286
2023-07-17,78.5,80.620002746582,78.2600021362305,79.4499969482422,29152
2023-07-18,79.629997253418,80.0100021362305,78.1999969482422,78.5299987792969,30304
2023-07-19,79.4599990844727,80.9499969482422,79.1800003051758,79.8000030517578,33372
2023-07-20,79.6399993896484,80.2699966430664,78.6699981689453,79.5,24867
2023-07-21,81.0699996948242,81.2399978637695,79.6600036621094,79.6600036621094,23563
2023-07-24,82.7399978637695,83.1600036621094,80.4199981689453,80.9899978637695,28032
2023-07-25,83.6399993896484,83.879997253418,82.2399978637695,82.8300018310547,22083
2023-07-26,82.9199981689453,83.8600006103516,82.5999984741211,83.2699966430664,19315
2023-07-27,84.2399978637695,84.5100021362305,82.9899978637695,83.0299987792969,18467
2023-07-28,84.9899978637695,85.0999984741211,83.2200012207031,84.0500030517578,11121
2023-07-31,85.5599975585938,85.6600036621094,84.5199966430664,84.879997253418,23446
2023-08-01,84.9100036621094,85.7900009155273,84.2600021362305,85.3499984741211,27179
2023-08-02,83.1999969482422,85.9800033569336,82.75,85.7300033569336,32246
2023-08-03,85.1399993896484,85.4199981689453,82.370002746582,83.4400024414063,30333
2023-08-04,86.2399978637695,86.6500015258789,85.1100006103516,85.3199996948242,22130
2023-08-07,85.3399963378906,86.7099990844727,85.0400009155273,86.1399993896484,19591
2023-08-08,86.1699981689453,86.3499984741211,83.3199996948242,85.8399963378906,26377
2023-08-09,87.5500030517578,87.6600036621094,85.9400024414063,86.0100021362305,29154
2023-08-10,86.4000015258789,88.0999984741211,86.1500015258789,87.370002746582,28721
2023-08-11,86.8099975585938,87.3499984741211,85.8499984741211,86.3899993896484,33204
2023-08-14,86.2099990844727,86.6999969482422,85.5,86.6399993896484,24768
2023-08-15,84.8899993896484,86.6699981689453,84.2900009155273,86.3000030517578,29945
2023-08-16,83.4499969482422,85.3600006103516,83.120002746582,85.120002746582,31925
2023-08-17,84.120002746582,84.8899993896484,83.0500030517578,83.3499984741211,33977
2023-08-18,84.8000030517578,85.0699996948242,83.3199996948242,83.8300018310547,26072
2023-08-21,84.4599990844727,85.870002746582,84.3099975585938,85.0599975585938,27958
2023-08-22,84.0299987792969,84.6500015258789,83.8399963378906,84.3899993896484,27081
2023-08-23,83.2099990844727,84.2399978637695,81.9700012207031,83.9800033569336,35103
2023-08-24,83.3600006103516,83.6100006103516,81.9700012207031,82.9899978637695,27997
2023-08-25,84.4800033569336,84.9700012207031,82.6900024414063,83.1999969482422,20715
2023-08-28,84.4199981689453,85.2200012207031,84.1100006103516,84.870002746582,14607
2023-08-29,85.4899978637695,85.6500015258789,83.7799987792969,84.379997253418,14579
2023-08-30,85.8600006103516,86.2099990844727,85.129997253418,85.629997253418,12280
2023-08-31,86.8600006103516,86.9000015258789,85.8499984741211,85.8499984741211,33559
2023-09-01,88.5500030517578,88.9599990844727,86.7399978637695,86.8199996948242,33224
2023-09-05,90.0400009155273,91.1800003051758,88.0699996948242,88.6999969482422,46893
2023-09-06,90.5999984741211,91.1100006103516,89.25,89.9800033569336,25396
2023-09-07,89.9199981689453,90.8600006103516,89.4700012207031,90.6100006103516,22300
2023-09-08,90.6500015258789,91.0199966430664,89.3000030517578,89.8000030517578,27150
2023-09-11,90.6399993896484,91.4499969482422,90.120002746582,90.6600036621094,29901
2023-09-12,92.0599975585938,92.4199981689453,90.5400009155273,90.5599975585938,31070
2023-09-13,91.879997253418,92.8300018310547,91.629997253418,91.9300003051758,31803
2023-09-14,93.6999969482422,94.2099990844727,92.0299987792969,92.1999969482422,36699
2023-09-15,93.9300003051758,94.6100006103516,92.6699981689453,94.129997253418,35162
2023-09-18,94.4300003051758,94.9499969482422,93.7799987792969,94.1999969482422,33918
2023-09-19,94.3399963378906,95.9499969482422,94.1699981689453,94.629997253418,43614
2023-09-20,93.5299987792969,94.7300033569336,92.7600021362305,94.4800033569336,43515
2023-09-21,93.3000030517578,94.5999984741211,92.1999969482422,93.2200012207031,38711
2023-09-22,93.2699966430664,94.629997253418,92.8000030517578,93.3199996948242,31511
2023-09-25,93.2900009155273,94.25,92.5400009155273,93.75,18626
2023-09-26,93.9599990844727,94.2099990844727,91.8000030517578,93.2600021362305,18509
2023-09-27,96.5500030517578,97.0400009155273,94.1500015258789,94.1600036621094,23665
2023-09-28,95.379997253418,97.629997253418,94.75,96.620002746582,9192
2023-09-29,95.3099975585938,96.2399978637695,94.9599990844727,95.0999984741211,47666
2023-10-02,90.7099990844727,93.3199996948242,90.3499984741211,92.1900024414063,38153
2023-10-03,90.9199981689453,91.5599975585938,89.5199966430664,90.4400024414063,50094
2023-10-04,85.8099975585938,91.1900024414063,85.7300033569336,90.9599990844727,49185
2023-10-05,84.0699996948242,86.5100021362305,83.8399963378906,86.0299987792969,44895
2023-10-06,84.5800018310547,84.9599990844727,83.4499969482422,84.2200012207031,41254
2023-10-09,88.1500015258789,89.0,86.0699996948242,86.3499984741211,37096
2023-10-10,87.6500015258789,88.4700012207031,86.9199981689453,88.1100006103516,29704
2023-10-11,85.8199996948242,88.25,85.2200012207031,87.75,37902
2023-10-12,86.0,87.6399993896484,85.1800003051758,85.5999984741211,40488
2023-10-13,90.8899993896484,90.9899978637695,86.2799987792969,86.4100036621094,44455
2023-10-16,89.6500015258789,91.3899993896484,89.4899978637695,90.9199981689453,28811
2023-10-17,89.9000015258789,90.9199981689453,88.870002746582,90.0599975585938,27054
2023-10-18,91.5,92.9700012207031,90.5999984741211,90.9000015258789,35456
2023-10-19,92.379997253418,93.4700012207031,89.5299987792969,91.3399963378906,34880
2023-10-20,92.1600036621094,93.7900009155273,91.6800003051758,92.8499984741211,30081
2023-10-23,89.8300018310547,92.4300003051758,89.620002746582,92.129997253418,36158
2023-10-24,88.0699996948242,90.6699981689453,87.3499984741211,90.3499984741211,42436
2023-10-25,90.129997253418,90.3399963378906,86.6699981689453,88.1399993896484,47506
2023-10-26,87.9300003051758,90.3600006103516,87.5500030517578,90.0400009155273,22662
2023-10-27,90.4800033569336,90.7399978637695,87.8399963378906,88.2600021362305,21249
2023-10-30,87.4499969482422,90.3000030517578,87.2200012207031,90.3000030517578,15413
2023-10-31,87.4100036621094,88.5299987792969,87.4100036621094,87.8099975585938,35673
2023-11-01,84.629997253418,87.2200012207031,84.5599975585938,85.4499969482422,36235
2023-11-02,86.8499984741211,87.0299987792969,84.6100006103516,84.9400024414063,31512
2023-11-03,84.8899993896484,87.7799987792969,84.5500030517578,86.8600006103516,36172
2023-11-06,85.1800003051758,86.4499969482422,84.9100036621094,85.3899993896484,26524
2023-11-07,81.6100006103516,85.3199996948242,81.4199981689453,85.2300033569336,38007
2023-11-08,79.5400009155273,81.9300003051758,79.1600036621094,81.4700012207031,36137
2023-11-09,80.0100021362305,81.4800033569336,79.4400024414063,79.7799987792969,32592
2023-11-10,81.4300003051758,82.0500030517578,79.6100006103516,79.6999969482422,20653
2023-11-13,82.5199966430664,82.8199996948242,80.4100036621094,81.4499969482422,22380
2023-11-14,82.4700012207031,83.9700012207031,82.0500030517578,82.75,25753
2023-11-15,81.1800003051758,83.0100021362305,80.8000030517578,82.379997253418,32261
2023-11-16,77.4199981689453,81.1600036621094,76.5999984741211,80.9400024414063,37692
2023-11-17,80.6100006103516,80.8000030517578,77.2799987792969,77.5299987792969,35037
2023-11-20,82.3199996948242,82.9300003051758,79.9700012207031,80.4700012207031,24121
2023-11-21,82.4499969482422,82.5299987792969,81.4100036621094,82.129997253418,22699
2023-11-22,81.9599990844727,82.629997253418,78.4100036621094,82.4000015258789,40651
2023-11-23,81.370002746582,81.629997253418,80.1800003051758,81.629997253418,
2023-11-24,80.5800018310547,82.1999969482422,80.1800003051758,81.629997253418,19356
2023-11-27,79.9800033569336,81.1800003051758,79.129997253418,80.3399963378906,15161
2023-11-28,81.6800003051758,82.1800003051758,79.8300018310547,80.1399993896484,15095
2023-11-29,83.0999984741211,83.2399978637695,80.9599990844727,81.9300003051758,8045
2023-11-30,82.8300018310547,84.7099990844727,82.6699981689453,82.870002746582,59320
2023-12-01,78.879997253418,81.5199966430664,78.75,80.4700012207031,29551
2023-12-04,78.0299987792969,79.6600036621094,77.5199966430664,79.4300003051758,32582
2023-12-05,77.1999969482422,79.0699996948242,76.9800033569336,78.1999969482422,30931
2023-12-06,74.3000030517578,77.629997253418,74.1100006103516,77.0599975585938,34004
2023-12-07,74.0500030517578,75.4800033569336,73.6100006103516,74.3000030517578,26600
2023-12-08,75.8399963378906,76.3600006103516,74.2300033569336,74.5,21497
2023-12-11,76.0299987792969,76.4800033569336,75.0,75.6600036621094,20413
2023-12-12,73.2399978637695,76.6399993896484,72.8600006103516,76.25,29568
2023-12-13,74.2600021362305,74.6999969482422,72.3000030517578,73.3600006103516,27711
2023-12-14,76.6100006103516,77.3499984741211,74.4599990844727,74.7099990844727,28386
2023-12-15,76.5500030517578,77.2200012207031,75.3300018310547,76.5999984741211,19442
2023-12-18,77.9499969482422,79.5100021362305,75.7799987792969,76.9700012207031,30258
2023-12-19,79.2300033569336,79.6600036621094,77.4300003051758,78.0500030517578,25735
2023-12-20,79.6999969482422,80.6100006103516,79.0800018310547,79.25,26913
2023-12-21,79.3899993896484,80.120002746582,77.8499984741211,79.1399993896484,22237
2023-12-22,79.0699996948242,80.370002746582,78.8300018310547,79.4400024414063,12334
2023-12-26,81.0699996948242,81.7099990844727,78.8099975585938,79.1900024414063,10247
2023-12-27,79.6500015258789,81.3199996948242,79.4899978637695,80.7399978637695,8282
2023-12-28,78.3899993896484,79.9599990844727,78.3399963378906,79.8399963378906,24301
2023-12-29,77.0400009155273,77.9700012207031,76.75,77.4199981689453,20115
2024-01-02,75.8899993896484,79.0400009155273,75.5999984741211,77.2099990844727,28591
2024-01-03,78.25,78.6699981689453,74.7900009155273,75.9899978637695,32172
2024-01-04,77.5899963378906,79.4000015258789,76.5,78.5,33154
2024-01-05,78.7600021362305,79.25,77.5,77.5999984741211,30994
2024-01-08,76.120002746582,78.9499969482422,75.2600021362305,78.5999984741211,32539
2024-01-09,77.5899963378906,78.1800003051758,75.9599990844727,76.3600006103516,27914
2024-01-10,76.8000030517578,78.7300033569336,76.379997253418,77.4599990844727,34395
2024-01-11,77.4100036621094,79.0899963378906,76.6500015258789,76.7399978637695,35565
2024-01-12,78.2900009155273,80.7399978637695,77.9300003051758,78.4599990844727,31824
2024-01-16,78.2900009155273,79.3899993896484,76.8300018310547,78.0800018310547,46742
2024-01-17,77.879997253418,78.1800003051758,76.5,77.8600006103516,35892
2024-01-18,79.0999984741211,79.3000030517578,77.3399963378906,78.0500030517578,28190
2024-01-19,78.5599975585938,79.75,78.3300018310547,78.9800033569336,23734
2024-01-22,80.0599975585938,80.5500030517578,77.8199996948242,78.8499984741211,27825
2024-01-23,79.5500030517578,80.4400024414063,78.6999969482422,79.9100036621094,27835
2024-01-24,80.0400009155273,80.7399978637695,79.0500030517578,79.7399978637695,22429
2024-01-25,82.4300003051758,82.5599975585938,80.0699996948242,80.3099975585938,21420
2024-01-26,83.5500030517578,83.8300018310547,81.3199996948242,82.3899993896484,19128
2024-01-29,82.4000015258789,84.7900009155273,82.0400009155273,84.129997253418,12802
2024-01-30,82.870002746582,83.25,81.3399963378906,82.5699996948242,7284
2024-01-31,81.7099990844727,82.8000030517578,81.7099990844727,82.5899963378906,33486
2024-02-01,78.6999969482422,81.5500030517578,78.5800018310547,80.6699981689453,48919
2024-02-02,77.3300018310547,79.4400024414063,76.8600006103516,78.9199981689453,32405
2024-02-05,77.9899978637695,78.3300018310547,76.620002746582,77.6600036621094,24879
2024-02-06,78.5899963378906,79.0699996948242,77.6500015258789,77.9400024414063,24904
2024-02-07,79.2099990844727,79.4700012207031,78.4899978637695,78.6999969482422,26342
2024-02-08,81.629997253418,81.8899993896484,79.0199966430664,79.379997253418,32568
2024-02-09,82.1900024414063,82.4599990844727,81.2099990844727,81.7300033569336,26408
2024-02-12,82.0,82.2099990844727,80.7900009155273,81.7600021362305,22915
2024-02-13,82.7699966430664,83.2300033569336,81.9599990844727,82.0500030517578,29306
2024-02-14,81.5999984741211,83.6100006103516,81.3899993896484,82.6600036621094,28305
2024-02-15,82.8600006103516,83.25,80.7200012207031,81.5199966430664,31230
2024-02-16,83.4700012207031,83.6600036621094,81.9000015258789,82.8300018310547,34125
2024-02-20,82.3399963378906,83.629997253418,82.0500030517578,83.3000030517578,34581
2024-02-21,83.0299987792969,83.1699981689453,81.6699981689453,82.5599975585938,23038
2024-02-22,83.6699981689453,83.9700012207031,82.3399963378906,83.1600036621094,27885
2024-02-23,81.620002746582,83.4800033569336,81.4400024414063,83.4199981689453,19427
2024-02-26,82.5299987792969,83.0599975585938,81.0199966430664,81.5899963378906,15694
2024-02-27,83.6500015258789,83.7399978637695,82.0999984741211,82.5500030517578,10882
2024-02-28,83.6800003051758,84.3000030517578,82.620002746582,83.4000015258789,6015
2024-02-29,83.620002746582,83.7399978637695,83.0400009155273,83.6500015258789,27327
2024-03-01,83.5500030517578,84.3499984741211,81.8099975585938,81.9700012207031,30885
2024-03-04,82.8000030517578,84.0699996948242,82.5800018310547,83.5899963378906,26396
2024-03-05,82.0400009155273,83.1399993896484,81.7300033569336,82.9700012207031,37442
2024-03-06,82.9599990844727,84.0599975585938,81.8899993896484,82.0800018310547,35173
2024-03-07,82.9599990844727,83.4700012207031,82.0699996948242,82.8399963378906,32447
2024-03-08,82.0800018310547,83.8399963378906,81.7099990844727,83.3399963378906,26605
2024-03-11,82.2099990844727,82.7300033569336,81.0800018310547,81.9100036621094,28619
2024-03-12,81.9199981689453,83.0100021362305,81.6900024414063,82.4300003051758,29951
2024-03-13,84.0299987792969,84.2200012207031,81.9700012207031,82.3899993896484,34043
2024-03-14,85.4199981689453,85.6800003051758,83.9400024414063,83.9800033569336,34250
2024-03-15,85.3399963378906,85.5500030517578,84.629997253418,85.129997253418,23623
2024-03-18,86.8899993896484,87.1800003051758,85.2600021362305,85.379997253418,33687
2024-03-19,87.379997253418,87.7099990844727,86.4899978637695,86.8499984741211,30045
2024-03-20,85.9499969482422,87.3499984741211,85.5800018310547,87.2200012207031,35304
2024-03-21,85.7799987792969,86.6399993896484,85.0500030517578,86.1600036621094,23829
2024-03-22,85.4300003051758,86.1500015258789,85.1100006103516,85.5500030517578,14778
2024-03-25,86.75,87.1800003051758,85.4000015258789,85.5999984741211,21176
2024-03-26,86.25,87.0500030517578,85.8099975585938,86.7699966430664,12736
2024-03-27,86.0899963378906,86.3600006103516,85.1800003051758,85.9700012207031,8449
2024-03-28,87.4800033569336,87.4800033569336,86.3199996948242,86.5299987792969,30759
2024-04-01,87.4199981689453,87.9899978637695,86.4000015258789,86.9300003051758,29598
2024-04-02,88.9199981689453,89.2799987792969,87.6500015258789,87.8000030517578,40754
2024-04-03,89.3499984741211,89.9800033569336,88.6800003051758,89.2099990844727,35138
2024-04-04,90.6500015258789,91.3000030517578,88.7300033569336,89.5,38764
2024-04-05,91.1699981689453,91.9100036621094,90.5699996948242,91.0100021362305,37391
2024-04-08,90.379997253418,91.0999984741211,88.8000030517578,90.3099975585938,39142
2024-04-09,89.4199981689453,90.9400024414063,89.2699966430664,90.5500030517578,33993
2024-04-10,90.4800033569336,90.6600036621094,88.8300018310547,89.5100021362305,51136
2024-04-11,89.7399978637695,90.9199981689453,89.370002746582,90.5400009155273,47337
2024-04-12,90.4499969482422,92.1800003051758,90.0100021362305,90.2900009155273,43560
2024-04-15,90.0999984741211,91.1500015258789,88.7300033569336,90.370002746582,35488
2024-04-16,90.0199966430664,90.8300018310547,89.4100036621094,90.4300003051758,34348
2024-04-17,87.2900009155273,90.1500015258789,87.1399993896484,90.0500030517578,45933
2024-04-18,87.1100006103516,87.7900009155273,86.0999984741211,87.4400024414063,38630
2024-04-19,87.2900009155273,90.7799987792969,86.1600036621094,86.9599990844727,45203
2024-04-22,87.0,87.25,85.7900009155273,87.0400009155273,32395
2024-04-23,88.4199981689453,88.4899978637695,86.0400009155273,87.2300033569336,35381
2024-04-24,88.0199966430664,88.8000030517578,87.6500015258789,88.4599990844727,26662
2024-04-25,89.0100021362305,89.2600021362305,87.2900009155273,88.1100006103516,24588
2024-04-26,89.5,89.8300018310547,88.8000030517578,89.2099990844727,15475
2024-04-29,88.4000015258789,89.3000030517578,88.0999984741211,89.25,15093
2024-04-30,87.8600006103516,88.7099990844727,87.4700012207031,88.3199996948242,39816
2024-05-01,83.4400024414063,85.9599990844727,83.2900009155273,85.9599990844727,48165
2024-05-02,83.6699981689453,84.4199981689453,83.0299987792969,83.5599975585938,39951
2024-05-03,82.9599990844727,84.4000015258789,82.8000030517578,83.8000030517578,31511
2024-05-06,83.3300018310547,83.8199996948242,82.7600021362305,82.9800033569336,23246
2024-05-07,83.1600036621094,83.870002746582,82.4000015258789,83.5899963378906,33414
2024-05-08,83.5800018310547,83.8199996948242,81.7200012207031,83.0400009155273,35419
2024-05-09,83.879997253418,84.3300018310547,83.4599990844727,83.7799987792969,25231
2024-05-10,82.7900009155273,84.5199966430664,82.7099990844727,84.2099990844727,25062
2024-05-13,83.3600006103516,83.8300018310547,82.2600021362305,82.6999969482422,29242
2024-05-14,82.379997253418,83.620002746582,82.0999984741211,83.5,33169
2024-05-15,82.75,83.0699996948242,81.0599975585938,82.7699966430664,41744
2024-05-16,83.2699966430664,83.7799987792969,82.3099975585938,82.9300003051758,27576
2024-05-17,83.9800033569336,84.0400009155273,83.0899963378906,83.4400024414063,23516
2024-05-20,83.7099990844727,84.5,83.120002746582,84.0,22320
2024-05-21,82.879997253418,83.7399978637695,82.0599975585938,83.6999969482422,29726
2024-05-22,81.9000015258789,82.6399993896484,81.5800018310547,82.4800033569336,32042
2024-05-23,81.3600006103516,82.9700012207031,80.9300003051758,81.6900024414063,27035
2024-05-24,82.120002746582,82.4499969482422,80.6600036621094,81.5400009155273,17991
2024-05-28,84.2200012207031,84.629997253418,82.0699996948242,82.1500015258789,23477
2024-05-29,83.5999984741211,85.0100021362305,83.3000030517578,84.620002746582,15987
2024-05-30,81.8600006103516,83.7600021362305,81.8199996948242,83.5,9220
2024-05-31,81.620002746582,82.120002746582,81.1800003051758,81.7799987792969,33414
2024-06-03,78.3600006103516,81.629997253418,78.0899963378906,81.1900024414063,42771
2024-06-04,77.5199966430664,78.2099990844727,76.75,78.1600036621094,41209
2024-06-05,78.4100036621094,78.5999984741211,77.1399993896484,77.1699981689453,37039
2024-06-06,79.870002746582,80.0699996948242,78.370002746582,78.5800018310547,36186
2024-06-07,79.620002746582,80.379997253418,79.3300018310547,80.0199966430664,26371
2024-06-10,81.629997253418,82.1600036621094,79.3499984741211,79.4100036621094,36413
2024-06-11,81.9199981689453,82.3600006103516,81.1999969482422,81.9700012207031,35178
2024-06-12,82.5999984741211,83.3399963378906,81.9700012207031,82.120002746582,40802
2024-06-13,82.75,83.0400009155273,81.8000030517578,82.5400009155273,39191
2024-06-14,82.620002746582,83.3899993896484,81.9199981689453,82.1399993896484,39346
2024-06-17,84.25,84.5500030517578,82.1100006103516,82.620002746582,32978
2024-06-18,85.3300018310547,85.4800033569336,83.6600036621094,84.4000015258789,45690
2024-06-20,85.7099990844727,85.9700012207031,84.8899993896484,85.379997253418,52543
2024-06-21,85.2399978637695,86.2300033569336,84.8399963378906,85.6800003051758,25055
2024-06-24,86.0100021362305,86.1699981689453,84.7300033569336,85.0899963378906,28043
2024-06-25,85.0100021362305,86.3199996948242,84.7600021362305,86.1500015258789,26591
2024-06-26,85.25,85.8199996948242,84.4800033569336,84.8899993896484,18107
2024-06-27,86.3899993896484,86.5100021362305,84.8899993896484,85.25,11216
2024-06-28,86.4100036621094,87.2300033569336,86.2900009155273,86.5400009155273,38920
2024-07-01,86.5999984741211,86.879997253418,84.879997253418,84.9000015258789,55468
2024-07-02,86.2399978637695,87.4499969482422,86.1699981689453,86.6900024414063,52311
2024-07-03,87.3399963378906,87.379997253418,85.8899993896484,86.5,39021
2024-07-05,86.5400009155273,87.9499969482422,86.4899978637695,87.0299987792969,51456
2024-07-08,85.75,86.9100036621094,85.5500030517578,86.75,36568
2024-07-09,84.6600036621094,85.8499984741211,84.5400009155273,85.6800003051758,44667
2024-07-10,85.0800018310547,85.6500015258789,84.0,85.0100021362305,51274
2024-07-11,85.4000015258789,85.8899993896484,84.6500015258789,85.4199981689453,47743
2024-07-12,85.0299987792969,86.3399963378906,84.9599990844727,85.5899963378906,48430
2024-07-15,84.8499984741211,85.3600006103516,84.4100036621094,85.0299987792969,36586
2024-07-16,83.7300033569336,84.870002746582,83.3000030517578,84.8600006103516,45546
2024-07-17,85.0800018310547,85.1999969482422,83.4400024414063,83.8399963378906,44273
2024-07-18,85.1100006103516,85.8199996948242,84.2200012207031,85.1999969482422,45867
2024-07-19,82.629997253418,85.3499984741211,82.5699996948242,84.8000030517578,45739
2024-07-22,82.4000015258789,83.2099990844727,81.5899963378906,82.8300018310547,36408
2024-07-23,81.0100021362305,82.7799987792969,80.5199966430664,82.2099990844727,45436
2024-07-24,81.7099990844727,82.2200012207031,80.9400024414063,81.4899978637695,47261
2024-07-25,82.370002746582,82.5199966430664,80.0899963378906,81.5299987792969,51868
2024-07-26,81.129997253418,82.6900024414063,80.3199996948242,82.4499969482422,27491
2024-07-29,79.7799987792969,81.7200012207031,79.379997253418,81.0199966430664,22531
2024-07-30,78.629997253418,79.9499969482422,78.4199981689453,79.8399963378906,15035
2024-07-31,80.7200012207031,80.8399963378906,79.0,79.0599975585938,54838
2024-08-01,79.5199966430664,81.8000030517578,79.4400024414063,81.5100021362305,44000
2024-08-02,76.8099975585938,80.4499969482422,76.4199981689453,80.0400009155273,58894
2024-08-05,76.3000030517578,77.75,75.0500030517578,77.4400024414063,59442
2024-08-06,76.4800033569336,77.8000030517578,75.5899963378906,77.2300033569336,45238
2024-08-07,78.3300018310547,78.8600006103516,75.9499969482422,76.1999969482422,49730
2024-08-08,79.1600036621094,79.370002746582,77.629997253418,78.4800033569336,40462
2024-08-09,79.6600036621094,79.8199996948242,78.7699966430664,79.0100021362305,32227
2024-08-12,82.3000030517578,82.4000015258789,79.4800033569336,79.6699981689453,45234
2024-08-13,80.6900024414063,82.3000030517578,80.5500030517578,81.9899978637695,50485
2024-08-14,79.7600021362305,81.4400024414063,79.6100006103516,80.9800033569336,50327
2024-08-15,81.0400009155273,81.4100036621094,79.6500015258789,79.9899978637695,33165
2024-08-16,79.6800003051758,81.0,78.6399993896484,80.9599990844727,33753
2024-08-19,77.6600036621094,79.75,77.5,79.6500015258789,45853
2024-08-20,77.1999969482422,78.3399963378906,76.5400009155273,77.7399978637695,39162
2024-08-21,76.0500030517578,78.1999969482422,75.6500015258789,77.0800018310547,45081
2024-08-22,77.2200012207031,77.6999969482422,75.7799987792969,76.1600036621094,33822
2024-08-23,79.0199966430664,79.2600021362305,77.0500030517578,77.120002746582,19275
2024-08-26,81.4300003051758,81.5800018310547,79.2399978637695,79.3199996948242,25997
2024-08-27,79.5500030517578,81.5699996948242,79.4800033569336,81.2200012207031,21261
2024-08-28,78.6500015258789,80.0100021362305,77.9300003051758,79.8399963378906,16512
2024-08-29,79.9400024414063,80.7900009155273,78.1100006103516,78.3600006103516,9726
2024-08-30,78.8000030517578,80.5,78.5999984741211,79.5199966430664,50268
2024-09-03,73.75,77.6100006103516,73.5199966430664,76.8899993896484,70646
2024-09-04,72.6999969482422,74.7900009155273,72.3499984741211,73.6800003051758,56979
2024-09-05,72.6900024414063,74.1800003051758,72.3600006103516,72.620002746582,47879
2024-09-06,71.0599975585938,73.5199966430664,70.620002746582,72.8499984741211,36035
2024-09-09,71.8399963378906,72.2200012207031,70.6500015258789,71.5199966430664,35995
2024-09-10,69.1900024414063,72.2600021362305,68.6900024414063,71.9000015258789,47963
2024-09-11,70.6100006103516,71.0800018310547,69.0100021362305,69.6800003051758,42995
2024-09-12,71.9700012207031,72.8600006103516,70.5899963378906,70.7200012207031,42690
2024-09-13,71.6100006103516,73.2300033569336,71.4800033569336,72.370002746582,34281
2024-09-16,72.75,73.379997253418,71.5199966430664,72.0199966430664,36417
2024-09-17,73.6999969482422,74.2699966430664,72.1699981689453,73.0100021362305,38565
2024-09-18,73.6500015258789,74.0899963378906,72.3099975585938,73.6800003051758,35693
2024-09-19,74.879997253418,75.1900024414063,72.879997253418,72.9000015258789,36126
2024-09-20,74.4899978637695,75.0100021362305,74.0,74.879997253418,27358
2024-09-23,73.9000015258789,75.1600036621094,73.1100006103516,74.7600021362305,29116
2024-09-24,75.1699981689453,75.870002746582,73.9700012207031,74.2799987792969,31341
2024-09-25,73.4599990844727,75.3199996948242,73.0400009155273,75.129997253418,31571
2024-09-26,71.5999984741211,73.7699966430664,70.7699966430664,73.4700012207031,18234
2024-09-27,71.9800033569336,72.3600006103516,70.9300003051758,71.2399978637695,7872
2024-09-30,71.7699966430664,73.0999984741211,71.3899993896484,71.8399963378906,41928
2024-10-01,73.5599975585938,75.4499969482422,69.9100036621094,72.0,90111
2024-10-02,73.9000015258789,76.129997253418,73.5899963378906,74.4000015258789,53911
2024-10-03,77.620002746582,77.9700012207031,74.3099975585938,74.7300033569336,68997
2024-10-04,78.0500030517578,79.3000030517578,77.3899993896484,77.9899978637695,57481
2024-10-07,80.9300003051758,81.1600036621094,77.2600021362305,78.0100021362305,55050
2024-10-08,77.1800003051758,82.0800018310547,76.370002746582,81.1600036621094,66184
2024-10-09,76.5800018310547,78.0199966430664,75.1500015258789,77.5199966430664,46931
2024-10-10,79.4000015258789,79.7200012207031,76.7399978637695,76.75,43562
2024-10-11,79.0400009155273,79.4899978637695,78.0500030517578,79.2300033569336,44341
2024-10-14,77.4599990844727,78.5999984741211,75.3899993896484,78.5999984741211,35593
2024-10-15,74.25,75.629997253418,73.3300018310547,75.2099990844727,47877
2024-10-16,74.2200012207031,74.9199981689453,73.4199981689453,74.7200012207031,40980
2024-10-17,74.4499969482422,74.9100036621094,73.25,74.5,36901
2024-10-18,73.0599975585938,74.9400024414063,72.4899978637695,74.5199966430664,34009
2024-10-21,74.2900009155273,74.5599975585938,72.8000030517578,73.1399993896484,29891
2024-10-22,76.0400009155273,76.3199996948242,73.5699996948242,74.1399993896484,36505
2024-10-23,74.9599990844727,76.0100021362305,74.4400024414063,75.6500015258789,28090
2024-10-24,74.379997253418,76.5299987792969,74.0,75.2099990844727,23845
2024-10-25,76.0500030517578,76.1399993896484,74.1699981689453,74.5500030517578,20056
2024-10-28,71.4199981689453,74.0,71.1699981689453,74.0,28003
2024-10-29,71.120002746582,72.5699996948242,70.7300033569336,72.1100006103516,16776
2024-10-30,72.5500030517578,73.0800018310547,71.1600036621094,71.3199996948242,11034
2024-10-31,73.1600036621094,73.3600006103516,72.370002746582,72.7600021362305,36772
2024-11-01,73.0999984741211,74.9499969482422,72.8899993896484,74.129997253418,32059
2024-11-04,75.0800018310547,75.3899993896484,73.7300033569336,73.7300033569336,31292
2024-11-05,75.5299987792969,76.2300033569336,74.9199981689453,75.1999969482422,40233
2024-11-06,74.9199981689453,76.0100021362305,73.3499984741211,75.4899978637695,57996
2024-11-07,75.629997253418,76.0699996948242,74.0500030517578,75.1100006103516,41262
2024-11-08,73.870002746582,75.620002746582,73.4400024414063,75.5199966430664,35855
2024-11-11,71.8300018310547,74.129997253418,71.5899963378906,73.7399978637695,33838
2024-11-12,71.8899993896484,72.8199996948242,71.5599975585938,71.9199981689453,38295
2024-11-13,72.2799987792969,72.620002746582,70.75,71.7799987792969,43666
2024-11-14,72.5599975585938,73.2200012207031,71.8000030517578,71.9899978637695,32367
2024-11-15,71.0400009155273,72.4700012207031,70.8399963378906,72.4300003051758,30126
2024-11-18,73.3000030517578,73.4599990844727,70.6999969482422,70.879997253418,30425
2024-11-19,73.3099975585938,73.870002746582,72.6100006103516,73.1800003051758,32668
2024-11-20,72.8099975585938,73.9400024414063,72.6999969482422,73.3399963378906,26041
2024-11-21,74.2300033569336,74.370002746582,72.9100036621094,73.120002746582,35756
2024-11-22,75.1699981689453,75.4199981689453,73.5100021362305,74.2900009155273,29569
2024-11-25,73.0100021362305,75.3099975585938,72.8499984741211,75.2099990844727,29335
2024-11-26,72.8099975585938,74.3300018310547,72.120002746582,73.120002746582,17616
2024-11-27,72.8300018310547,73.3499984741211,72.2699966430664,72.9400024414063,10246
2024-11-29,72.9400024414063,73.5,72.120002746582,72.9199981689453,45282
2024-12-02,71.8300018310547,72.879997253418,71.5199966430664,71.7399978637695,31283
2024-12-03,73.620002746582,73.9000015258789,71.6900024414063,71.8600006103516,40365
2024-12-04,72.3099975585938,74.2600021362305,72.25,73.8099975585938,36988
2024-12-05,72.0899963378906,72.9000015258789,71.8000030517578,72.4499969482422,32373
2024-12-06,71.120002746582,72.2300033569336,70.8300018310547,72.1699981689453,27572
2024-12-09,72.1399993896484,72.6500015258789,70.9599990844727,71.0400009155273,25921
2024-12-10,72.1900024414063,72.7200012207031,71.5299987792969,71.9300003051758,32220
2024-12-11,73.5199966430664,73.7399978637695,72.0199966430664,72.0299987792969,35954
2024-12-12,73.4100036621094,73.9800033569336,72.4300003051758,73.5899963378906,36231
2024-12-13,74.4899978637695,74.5899963378906,73.2699966430664,73.4300003051758,26225
2024-12-16,73.9100036621094,74.5400009155273,73.6999969482422,74.5100021362305,25458
2024-12-17,73.1900024414063,74.1800003051758,72.4599990844727,73.8600006103516,26356
2024-12-18,73.3899993896484,74.1900024414063,72.8000030517578,73.3399963378906,25873
2024-12-19,72.879997253418,73.870002746582,72.5299987792969,72.9300003051758,27742
2024-12-20,72.9400024414063,73.2799987792969,71.9700012207031,72.7099990844727,25362
2024-12-23,72.629997253418,73.370002746582,71.9800033569336,72.8300018310547,20997
2024-12-24,73.5800018310547,73.8099975585938,72.7799987792969,72.8399963378906,8922
2024-12-26,73.2600021362305,74.1800003051758,72.9800033569336,73.7799987792969,5773
2024-12-27,74.1699981689453,74.3399963378906,73.0699996948242,73.1399993896484,5515
2024-12-30,74.3899993896484,75.0400009155273,73.7600021362305,74.2300033569336,30436
2024-12-31,74.6399993896484,74.879997253418,73.8399963378906,74.0999984741211,20588
2025-01-02,75.9300003051758,76.5400009155273,74.7300033569336,74.879997253418,41474
2025-01-03,76.5100021362305,76.7399978637695,75.5299987792969,75.9000015258789,38822
2025-01-06,76.3000030517578,77.5,75.9400024414063,76.5899963378906,49229
2025-01-07,77.0500030517578,77.2699966430664,75.9199981689453,76.2399978637695,37188
2025-01-08,76.1600036621094,77.8899993896484,76.0299987792969,77.2399978637695,46650
2025-01-09,76.9199981689453,77.2699966430664,75.6999969482422,76.1600036621094,31706
2025-01-10,79.7600021362305,80.7600021362305,77.0400009155273,77.2099990844727,92049
2025-01-13,81.0100021362305,81.6699981689453,79.5400009155273,79.5500030517578,77109
2025-01-14,79.9199981689453,81.1399993896484,79.8600006103516,80.9100036621094,67129
2025-01-15,82.0299987792969,82.629997253418,79.629997253418,80.3199996948242,69122
2025-01-16,81.2900009155273,82.5500030517578,80.3899993896484,82.4400024414063,69075
2025-01-17,80.7900009155273,81.9300003051758,80.5599975585938,81.3099975585938,42284
2025-01-21,79.2900009155273,81.2399978637695,78.4700012207031,80.9400024414063,83935
2025-01-22,79.0,79.9000015258789,78.8099975585938,79.3099975585938,40868
2025-01-23,78.2900009155273,79.5899963378906,77.8000030517578,78.9100036621094,46348
2025-01-24,78.5,78.9599990844727,77.6100006103516,77.879997253418,30464
2025-01-27,77.0800018310547,78.9899978637695,76.3199996948242,78.5500030517578,40623
2025-01-28,77.4899978637695,78.1399993896484,76.8300018310547,77.0699996948242,29822
2025-01-29,76.5800018310547,77.6999969482422,76.3000030517578,77.629997253418,19845
2025-01-30,76.870002746582,77.5500030517578,75.9899978637695,76.8600006103516,8389
2025-01-31,76.7600021362305,77.0800018310547,76.5100021362305,77.0,50618
2025-02-03,75.9599990844727,77.5299987792969,75.0400009155273,76.8199996948242,75087
2025-02-04,76.1999969482422,76.6699981689453,74.129997253418,75.5199966430664,62716
2025-02-05,74.6100006103516,76.3499984741211,74.5500030517578,76.0800018310547,30739
2025-02-06,74.2900009155273,75.3899993896484,74.0899963378906,74.5999984741211,41460
2025-02-07,74.6600036621094,75.0899963378906,74.1900024414063,74.1999969482422,35634
2025-02-10,75.870002746582,76.0699996948242,74.5400009155273,74.5400009155273,27341
2025-02-11,77.0,77.2699966430664,75.8899993896484,76.0500030517578,37979
2025-02-12,75.1800003051758,76.8899993896484,74.9499969482422,76.8199996948242,47048
2025-02-13,75.0199966430664,75.3300018310547,74.0500030517578,74.9700012207031,37759
2025-02-14,74.7399978637695,75.8300018310547,74.4899978637695,75.2399978637695,41397
2025-02-18,75.8399963378906,76.0500030517578,74.1900024414063,74.6399993896484,50542
2025-02-19,76.0400009155273,76.8199996948242,75.75,75.8000030517578,30426
2025-02-20,76.4800033569336,77.1399993896484,75.7099990844727,76.0400009155273,33347
2025-02-21,74.4300003051758,76.75,74.2099990844727,76.5599975585938,28100
2025-02-24,74.7799987792969,74.9100036621094,73.9100036621094,73.9100036621094,17858
2025-02-25,73.0199966430664,75.25,72.6999969482422,74.8899993896484,19080
2025-02-26,72.5299987792969,73.3399963378906,72.3899993896484,73.1399993896484,11916
2025-02-27,74.0400009155273,74.2600021362305,72.4800033569336,72.6900024414063,7925
2025-02-28,73.1800003051758,73.7399978637695,72.9700012207031,73.7300033569336,36432
2025-03-03,71.620002746582,73.6600036621094,71.1699981689453,73.0699996948242,51816
2025-03-04,71.0400009155273,71.4599990844727,69.75,71.4499969482422,58867
2025-03-05,69.3000030517578,71.1600036621094,68.3399963378906,71.1399993896484,51721
2025-03-06,69.4599990844727,69.879997253418,68.7300033569336,69.4499969482422,49024
2025-03-07,70.3600006103516,71.379997253418,69.2799987792969,69.379997253418,46468
2025-03-10,69.2799987792969,70.8600006103516,69.0599975585938,70.4400024414063,33488
2025-03-11,69.5599975585938,70.4300003051758,68.629997253418,69.4100036621094,26933
2025-03-12,70.9499969482422,71.0899963378906,69.4700012207031,69.8499984741211,30577
2025-03-13,69.879997253418,71.2399978637695,69.6800003051758,70.9800033569336,33450
2025-03-14,70.5800018310547,70.75,69.9400024414063,70.0800018310547,24740
2025-03-17,71.0699996948242,71.7900009155273,70.6800003051758,70.6800003051758,29314
2025-03-18,70.5599975585938,72.1900024414063,70.2600021362305,70.9300003051758,32008
2025-03-19,70.7799987792969,71.2200012207031,69.9000015258789,70.3600006103516,26898
2025-03-20,72.0,72.2900009155273,70.5299987792969,70.8600006103516,33049
2025-03-21,72.1600036621094,72.5400009155273,71.5100021362305,72.2300033569336,23983
2025-03-24,73.0,73.1600036621094,71.8000030517578,72.1999969482422,31456
2025-03-25,73.0199966430664,73.5699996948242,72.5,73.0899963378906,30415
2025-03-26,73.7900009155273,74.1699981689453,73.0899963378906,73.1800003051758,27419
2025-03-27,74.0299987792969,74.0699996948242,73.2300033569336,73.9899978637695,19183
2025-03-28,73.629997253418,74.2099990844727,73.120002746582,74.0599975585938,12292
2025-03-31,74.7399978637695,74.7900009155273,73.370002746582,73.4199981689453,53426
2025-04-01,74.4899978637695,75.2799987792969,74.3399963378906,74.629997253418,54055
2025-04-02,74.9499969482422,75.4599990844727,73.7099990844727,74.4000015258789,61062
2025-04-03,70.1399993896484,73.620002746582,69.4700012207031,73.5899963378906,100212
2025-04-04,65.5800018310547,70.0500030517578,64.0100021362305,69.8099975585938,121211
2025-04-07,64.2099990844727,67.4100036621094,62.5099983215332,64.7900009155273,114411
2025-04-08,62.8199996948242,65.1900024414063,61.2799987792969,64.4400024414063,89690
2025-04-09,65.4800033569336,66.0199966430664,58.3899993896484,61.5499992370606,127044
2025-04-10,63.3300018310547,66.2300033569336,62.0099983215332,65.8099975585938,78111
2025-04-11,64.7600021362305,65.0500030517578,62.7599983215332,63.4500007629395,58543
2025-04-14,64.879997253418,65.9000015258789,64.0400009155273,64.8899993896484,43786
2025-04-15,64.6699981689453,65.3899993896484,64.2300033569336,64.9300003051758,40096
2025-04-16,65.8499984741211,66.3099975585938,63.7999992370606,64.8600006103516,50308
2025-04-17,67.9599990844727,68.129997253418,65.9499969482422,66.0100021362305,39781
2025-04-21,66.2600021362305,67.7799987792969,65.6800003051758,67.7799987792969,38512
2025-04-22,67.4400024414063,68.0400009155273,66.5500030517578,66.5999984741211,46152
2025-04-23,66.120002746582,68.6399993896484,65.2900009155273,67.7600021362305,58914
2025-04-24,66.5500030517578,67.0299987792969,65.8099975585938,66.2200012207031,36169
2025-04-25,66.870002746582,67.1800003051758,65.5599975585938,66.5699996948242,30729
2025-04-28,65.8600006103516,67.5299987792969,65.25,67.2099990844727,21525
2025-04-29,64.25,65.8099975585938,63.8899993896484,65.75,17528
2025-04-30,63.1199989318848,63.75,63.0,63.5499992370606,79025
2025-05-01,62.1300010681152,62.3600006103516,59.310001373291,61.1399993896484,66984
2025-05-02,61.2900009155273,62.7200012207031,60.7000007629395,61.8800010681152,58444
2025-05-05,60.2299995422363,60.7700004577637,58.4099998474121,59.5099983215332,49504
2025-05-06,62.1500015258789,62.7999992370606,60.189998626709,60.2799987792969,63444
2025-05-07,61.1199989318848,63.2099990844727,60.8499984741211,62.0699996948242,60579
2025-05-08,62.8400001525879,63.2099990844727,60.7799987792969,60.9300003051758,56931
2025-05-09,63.9099998474121,64.2699966430664,62.8499984741211,63.25,51994
2025-05-12,64.9599990844727,66.379997253418,63.8899993896484,64.2300033569336,62946
2025-05-13,66.629997253418,66.8000030517578,64.6500015258789,64.9199981689453,55567
2025-05-14,66.0899963378906,66.5899963378906,65.6800003051758,66.5199966430664,49980
2025-05-15,64.5299987792969,65.8399963378906,63.439998626709,65.7600021362305,70642
2025-05-16,65.4100036621094,65.5400009155273,64.1699981689453,64.629997253418,38629
2025-05-19,65.5400009155273,66.0100021362305,64.4300003051758,65.3099975585938,43539
2025-05-20,65.379997253418,66.0,64.8499984741211,65.5699996948242,42663
2025-05-21,64.9100036621094,67.4899978637695,64.6100006103516,65.6100006103516,58658
2025-05-22,64.4400024414063,65.0199966430664,63.5299987792969,64.6399993896484,45811
2025-05-23,64.7799987792969,65.0400009155273,63.310001373291,64.0199966430664,29810
2025-05-27,64.0899963378906,65.4100036621094,63.4700012207031,65.0199966430664,34117
2025-05-28,64.9000015258789,65.6100006103516,64.0299987792969,64.3199996948242,17817
2025-05-29,64.1500015258789,66.129997253418,63.7799987792969,65.3000030517578,10456
2025-05-30,63.9000015258789,64.5199966430664,63.7000007629395,63.8199996948242,63546
2025-06-02,64.629997253418,65.7099990844727,62.9700012207031,63.0400009155273,57349
2025-06-03,65.629997253418,65.9400024414063,64.5199966430664,65.0299987792969,43536
2025-06-04,64.8600006103516,65.9599990844727,64.2799987792969,65.6100006103516,56182
2025-06-05,65.3399963378906,65.8600006103516,64.629997253418,64.9100036621094,38658
2025-06-06,66.4700012207031,66.6699981689453,64.8199996948242,65.1999969482422,39490
2025-06-09,67.0400009155273,67.129997253418,66.0800018310547,66.5999984741211,35213
2025-06-10,66.870002746582,68.0,66.4800033569336,67.1100006103516,40266
2025-06-11,69.7699966430664,69.9599990844727,66.4700012207031,66.5699996948242,58118
2025-06-12,69.3600006103516,70.6100006103516,68.370002746582,70.3600006103516,60336
2025-06-13,74.2300033569336,78.5299987792969,69.9199981689453,70.2699966430664,175031
2025-06-16,73.2300033569336,78.4800033569336,70.6399993896484,76.8099975585938,100509
2025-06-17,76.4499969482422,77.0800018310547,72.5299987792969,72.8099975585938,88748
2025-06-18,76.6999969482422,77.4300003051758,74.4400024414063,77.1900024414063,
2025-06-20,77.0100021362305,79.0199966430664,75.5299987792969,76.120002746582,98821
2025-06-23,71.4800033569336,81.4000015258789,69.5400009155273,80.0100021362305,100475
2025-06-24,67.1399993896484,70.7300033569336,66.8099975585938,70.5999984741211,62358
2025-06-25,67.6800003051758,68.7600021362305,67.3199996948242,67.9199981689453,23618
2025-06-26,67.7300033569336,69.0400009155273,67.3899993896484,67.75,13057
2025-06-27,67.7699966430664,68.4100036621094,67.2099990844727,67.9599990844727,8218
2025-06-30,67.6100006103516,68.120002746582,67.1100006103516,67.1699981689453,32957
2025-07-01,67.1100006103516,67.4800033569336,66.3399963378906,66.5899963378906,29256
2025-07-02,69.1100006103516,69.1999969482422,66.9400024414063,67.2099990844727,50268
2025-07-03,68.8000030517578,69.129997253418,68.3099975585938,69.0199966430664,
2025-07-04,68.2900009155273,68.9100036621094,67.75,68.8099975585938,
2025-07-07,69.5800018310547,69.9300003051758,67.3600006103516,67.6100006103516,59456
2025-07-08,70.1500015258789,70.6600036621094,69.0500030517578,69.5400009155273,34109
2025-07-09,70.1900024414063,70.6999969482422,69.6100006103516,69.9000015258789,42186
2025-07-10,68.6399993896484,70.4899978637695,68.5299987792969,70.1900024414063,52295
2025-07-11,70.3600006103516,70.6900024414063,68.5599975585938,68.9899978637695,40262
2025-07-14,69.2099990844727,71.5100021362305,69.0199966430664,70.5299987792969,62179
2025-07-15,68.7099990844727,69.4000015258789,68.5599975585938,69.0999984741211,51233
2025-07-16,68.5199966430664,69.0699996948242,67.7099990844727,68.9000015258789,55511
2025-07-17,69.5199966430664,69.620002746582,68.2900009155273,68.6900024414063,50817
2025-07-18,69.2799987792969,70.7799987792969,69.1399993896484,69.5599975585938,52366
2025-07-21,69.2099990844727,69.620002746582,68.4199981689453,69.2200012207031,41204
2025-07-22,68.5899963378906,69.0999984741211,68.1100006103516,69.0299987792969,50140
2025-07-23,68.5100021362305,69.0800018310547,68.0,68.7200012207031,37734
2025-07-24,69.1800003051758,69.5299987792969,68.5,68.7200012207031,39597
2025-07-25,68.4400024414063,69.8899993896484,68.3000030517578,69.2600021362305,27384
2025-07-28,70.0400009155273,70.4499969482422,68.3899993896484,68.4700012207031,31485
2025-07-29,72.5100021362305,73.0699996948242,69.8899993896484,70.3899993896484,24345
2025-07-30,73.2399978637695,73.629997253418,71.75,72.6800003051758,15242
2025-07-31,72.5299987792969,73.4899978637695,72.4199981689453,73.4000015258789,56020
2025-08-01,69.6699981689453,71.9899978637695,69.4100036621094,71.7699966430664,68855
2025-08-04,68.7600021362305,69.9800033569336,67.9899978637695,69.0,41788
2025-08-05,67.6399993896484,68.8499984741211,67.5299987792969,68.75,47388
2025-08-06,66.8899993896484,69.1900024414063,66.2200012207031,67.7600021362305,62159
2025-08-07,66.4300003051758,67.6399993896484,66.2699966430664,66.879997253418,44063
2025-08-08,66.5899963378906,67.1900024414063,65.5,66.379997253418,52157
2025-08-11,66.629997253418,67.1100006103516,65.8300018310547,66.2300033569336,31132
2025-08-12,66.120002746582,67.0400009155273,65.9700012207031,66.7200012207031,33110
2025-08-13,65.629997253418,66.3300018310547,65.0,66.0500030517578,40497
2025-08-14,66.8399963378906,66.9800033569336,65.5699996948242,65.7699966430664,34810
2025-08-15,65.8499984741211,67.0800018310547,65.7300033569336,66.8000030517578,35864
2025-08-18,66.5999984741211,66.8099975585938,65.3099975585938,65.9499969482422,35004
2025-08-19,65.7900009155273,66.5800018310547,65.5999984741211,66.5599975585938,32562
2025-08-20,66.8399963378906,67.0500030517578,65.8199996948242,65.9300003051758,39505
2025-08-21,67.6699981689453,67.7799987792969,66.7399978637695,66.9499969482422,29950
2025-08-22,67.7300033569336,68.0199966430664,67.4199981689453,67.620002746582,27481
2025-08-25,68.8000030517578,69.0599975585938,67.5800018310547,67.8399963378906,19094
2025-08-26,67.2200012207031,68.7300033569336,67.1100006103516,68.7300033569336,21046
2025-08-27,68.0500030517578,68.0999984741211,66.9199981689453,67.2399978637695,16597
2025-08-28,68.620002746582,68.6600036621094,67.4000015258789,67.7099990844727,8829
2025-08-29,68.120002746582,68.3600006103516,68.0299987792969,68.2600021362305,
2025-09-02,69.1399993896484,69.5100021362305,67.0899963378906,67.4300003051758,55307
2025-09-03,67.5999984741211,69.2300033569336,67.379997253418,69.0599975585938,45108
2025-09-04,66.9899978637695,67.4899978637695,66.3199996948242,67.4400024414063,42152
2025-09-05,65.5,67.0500030517578,65.0800018310547,66.8399963378906,38287
2025-09-08,66.0199966430664,67.0299987792969,65.5199966430664,65.8099975585938,29078
2025-09-09,66.3899993896484,67.3899993896484,66.1399993896484,66.1699981689453,38860
2025-09-10,67.4899978637695,67.7699966430664,66.4400024414063,66.4400024414063,38789
2025-09-11,66.370002746582,67.6100006103516,66.1600036621094,67.5800018310547,34565
2025-09-12,66.9899978637695,68.1500015258789,65.7200012207031,66.3099975585938,50762
2025-09-15,67.4400024414063,67.8399963378906,66.7900009155273,67.2200012207031,26320
2025-09-16,68.4700012207031,68.6900024414063,67.0,67.4899978637695,34128
2025-09-17,67.9499969482422,68.5899963378906,67.620002746582,68.4100036621094,30515
2025-09-18,67.4400024414063,68.4100036621094,67.1900024414063,67.8899993896484,29610
2025-09-19,66.6800003051758,67.5599975585938,66.4300003051758,67.4599990844727,24400
2025-09-22,66.5699996948242,67.3000030517578,65.9400024414063,66.6699981689453,23634
2025-09-23,67.629997253418,68.0800018310547,66.120002746582,66.5899963378906,27893
2025-09-24,69.3099975585938,69.3600006103516,67.5199966430664,67.8600006103516,28459
2025-09-25,69.4199981689453,69.6699981689453,68.4400024414063,69.0899963378906,21388
2025-09-26,70.129997253418,70.7699966430664,69.1100006103516,69.6999969482422,11917
2025-09-29,67.9700012207031,69.9300003051758,67.5500030517578,69.4700012207031,8229
2025-09-30,67.0199966430664,67.5899963378906,66.9100036621094,67.5899963378906,46335
2025-10-01,65.3499984741211,66.5699996948242,65.0400009155273,66.0899963378906,44601
2025-10-02,64.1100006103516,66.120002746582,64.0,65.4000015258789,52074
2025-10-03,64.5299987792969,65.0,64.2099990844727,64.3000030517578,38970
2025-10-06,65.4700012207031,65.7699966430664,64.7600021362305,64.8199996948242,38055
2025-10-07,65.4499969482422,65.8300018310547,64.5199966430664,65.5400009155273,36191
2025-10-08,66.25,66.5299987792969,65.7799987792969,65.8099975585938,38630
2025-10-09,65.2200012207031,66.5599975585938,64.9599990844727,66.0899963378906,40845
2025-10-10,62.7299995422363,65.3499984741211,62.1300010681152,65.1699981689453,54929
2025-10-13,63.3199996948242,63.9500007629395,62.6699981689453,62.6699981689453,35368
2025-10-14,62.3899993896484,63.6199989318848,61.5,63.439998626709,44016
2025-10-15,61.9099998474121,63.0200004577637,61.7900009155273,62.2799987792969,40209
2025-10-16,61.060001373291,62.75,60.8400001525879,62.439998626709,46229
2025-10-17,61.2900009155273,61.4500007629395,60.1500015258789,61.1100006103516,50372
2025-10-20,61.0099983215332,61.5499992370606,60.0699996948242,61.4300003051758,33883
2025-10-21,61.3199996948242,62.0900001525879,60.3400001525879,60.9099998474121,45150
2025-10-22,62.5900001525879,63.9199981689453,61.4000015258789,61.6199989318848,46114
2025-10-23,65.9899978637695,66.3399963378906,63.8499984741211,64.25,87705
2025-10-24,65.9400024414063,66.7699966430664,65.4400024414063,65.870002746582,38354
2025-10-27,65.620002746582,66.5999984741211,65.0800018310547,66.2600021362305,32237
2025-10-28,64.4000015258789,65.7900009155273,64.0,65.7900009155273,33807
2025-10-29,64.9199981689453,65.379997253418,63.9300003051758,64.4899978637695,16478
2025-10-30,65.0,65.1600036621094,64.0599975585938,64.8499984741211,10024
2025-10-31,65.0699996948242,65.5,64.5199966430664,64.75,44972
2025-11-03,64.8899993896484,65.3099975585938,64.3300018310547,65.0699996948242,
2025-11-04,64.4400024414063,64.8399963378906,63.8300018310547,64.8199996948242,36655
2025-11-05,63.5200004577637,64.9400024414063,63.4300003051758,64.2600021362305,42320
2025-11-06,63.3800010681152,64.3300018310547,62.8300018310547,63.5800018310547,43138
2025-11-07,63.6300010681152,64.379997253418,63.2400016784668,63.6399993896484,36620
2025-11-10,64.0599975585938,64.3099975585938,63.3300018310547,63.689998626709,30891
2025-11-11,65.1600036621094,65.2900009155273,63.6100006103516,63.9700012207031,41959
2025-11-12,62.7099990844727,65.2099990844727,62.560001373291,65.2099990844727,42279
2025-11-13,63.0099983215332,63.439998626709,62.3400001525879,62.6699981689453,36603
2025-11-14,64.3899993896484,64.8499984741211,63.0499992370606,63.0499992370606,58912
2025-11-17,64.1999969482422,64.7200012207031,63.6599998474121,64.0199966430664,33667
2025-11-18,64.8899993896484,65.0800018310547,63.6100006103516,64.0,36791
2025-11-19,63.5099983215332,64.8600006103516,62.8699989318848,64.7300033569336,38776
2025-11-20,63.3800010681152,64.3899993896484,62.9500007629395,63.5900001525879,42345
2025-11-21,62.560001373291,63.1399993896484,61.8699989318848,63.1300010681152,43029
2025-11-24,63.3699989318848,63.5299987792969,61.9300003051758,62.560001373291,30888
2025-11-25,62.4799995422363,63.4099998474121,61.6100006103516,63.4099998474121,26580
2025-11-26,63.1300010681152,63.2000007629395,62.1199989318848,62.5999984741211,21288
2025-11-28,63.2000007629395,63.4599990844727,62.810001373291,63.0099983215332,31795
2025-12-01,63.1699981689453,63.810001373291,62.689998626709,62.689998626709,31203
2025-12-02,62.4500007629395,63.4300003051758,62.1699981689453,63.2999992370606,39539
2025-12-03,62.6699981689453,63.3499984741211,62.1699981689453,62.4300003051758,40622
2025-12-04,63.2599983215332,63.6100006103516,62.5299987792969,62.7599983215332,32164
2025-12-05,63.75,64.0800018310547,63.0699996948242,63.2999992370606,26349
2025-12-08,62.4900016784668,63.9599990844727,62.3499984741211,63.9000015258789,38815
2025-12-09,61.939998626709,62.7799987792969,61.8300018310547,62.5,32575
2025-12-10,62.2099990844727,62.7299995422363,61.3499984741211,62.1399993896484,45191
2025-12-11,61.2799987792969,62.6199989318848,60.75,62.6199989318848,48635
2025-12-12,61.1199989318848,61.8499984741211,60.810001373291,61.5999984741211,42931
2025-12-15,60.560001373291,61.5,60.1300010681152,61.1599998474121,42976
2025-12-16,58.9199981689453,60.4099998474121,58.7200012207031,60.3300018310547,48212
2025-12-17,59.6800003051758,60.6599998474121,58.9099998474121,58.939998626709,50078
2025-12-18,59.8199996948242,60.7200012207031,59.5499992370606,60.6399993896484,31064
2025-12-19,60.4700012207031,60.6399993896484,59.4099998474121,59.7700004577637,36104
2025-12-22,62.0699996948242,62.1599998474121,60.560001373291,60.5699996948242,35138
2025-12-23,62.3800010681152,62.5499992370606,61.7299995422363,61.9900016784668,26231
2025-12-24,62.2400016784668,62.7200012207031,62.0200004577637,62.4300003051758,14966
2025-12-26,60.6399993896484,62.689998626709,60.5900001525879,62.3499984741211,9687
2025-12-29,61.939998626709,62.1500015258789,60.9500007629395,61.0400009155273,9170
2025-12-30,61.9199981689453,62.3300018310547,61.5099983215332,61.7000007629395,30567
2025-12-31,60.8499984741211,61.9099998474121,60.6199989318848,61.2700004577637,30919
2026-01-02,60.75,61.3600006103516,60.0,60.9199981689453,33381
2026-01-05,61.7599983215332,61.8800010681152,59.7599983215332,60.8899993896484,45681
2026-01-06,60.7000007629395,62.3199996948242,60.4000015258789,61.7900009155273,48263
2026-01-07,59.9599990844727,60.9099998474121,59.4500007629395,60.6100006103516,71788
2026-01-08,61.9900016784668,63.0099983215332,59.9500007629395,60.3499984741211,64136
2026-01-09,63.3400001525879,63.9099998474121,61.8400001525879,62.6699981689453,56568
2026-01-12,63.8699989318848,64.2799987792969,62.7599983215332,63.4099998474121,56900
2026-01-13,65.4700012207031,65.9100036621094,63.8499984741211,64.1699981689453,80180
2026-01-14,66.5199966430664,66.8099975585938,63.4700012207031,65.4400024414063,96568
2026-01-15,63.7599983215332,65.6900024414063,63.2799987792969,65.6900024414063,54944
2026-01-16,64.129997253418,64.7699966430664,63.4500007629395,63.7999992370606,35235
2026-01-20,64.9199981689453,65.120002746582,63.2599983215332,63.560001373291,78657
2026-01-21,65.2399978637695,65.4100036621094,63.6300010681152,64.0100021362305,52906
2026-01-22,64.0599975585938,65.370002746582,63.560001373291,65.1399993896484,49453
2026-01-23,65.879997253418,66.2099990844727,64.2399978637695,64.2799987792969,34015
2026-01-26,65.5899963378906,66.5100021362305,65.2799987792969,66.0699996948242,25795
2026-01-27,67.5699996948242,67.7799987792969,65.0,65.7300033569336,34327
2026-01-28,68.4000015258789,68.6999969482422,67.129997253418,67.7699966430664,23555
2026-01-29,70.7099990844727,71.879997253418,68.6100006103516,68.6699981689453,26980
2026-01-30,70.6900024414063,70.9199981689453,69.1100006103516,70.1600036621094,85305
2026-02-02,66.3000030517578,68.8099975585938,65.4599990844727,68.7200012207031,80104
2026-02-03,67.3300018310547,68.2699966430664,65.1900024414063,66.3000030517578,83736
2026-02-04,69.4599990844727,69.75,66.9899978637695,67.9400024414063,98236
2026-02-05,67.5500030517578,68.9400024414063,66.9199981689453,68.8300018310547,65248
2026-02-06,68.0500030517578,68.8199996948242,66.5800018310547,67.4100036621094,79538
2026-02-09,69.0400009155273,69.4400024414063,67.0299987792969,67.5100021362305,51346
2026-02-10,68.8000030517578,69.5,68.4899978637695,69.1500015258789,45779
2026-02-11,69.4000015258789,70.7200012207031,69.0100021362305,69.1100006103516,49482
2026-02-12,67.5199966430664,69.8399963378906,67.0899963378906,69.6399993896484,48058
2026-02-13,67.75,68.0500030517578,66.8899993896484,67.5899963378906,42167
2026-02-17,67.4199981689453,69.0299987792969,66.8300018310547,68.0599975585938,74745
2026-02-18,70.3499984741211,70.6800003051758,67.3399963378906,67.5100021362305,56115
2026-02-19,71.6600036621094,72.129997253418,70.0500030517578,70.0500030517578,73081
2026-02-20,71.7600021362305,72.3199996948242,71.0800018310547,71.7399978637695,40579
2026-02-23,71.4899978637695,72.4800033569336,70.7399978637695,71.2399978637695,28933
2026-02-24,70.7699966430664,72.2399978637695,70.7099990844727,71.4700012207031,37988
2026-02-25,70.8499984741211,71.7600021362305,70.4499969482422,71.2200012207031,18491
2026-02-26,70.75,72.5899963378906,69.3199996948242,71.1100006103516,17725
2026-02-27,72.4800033569336,72.9899978637695,70.4400024414063,70.5,79435
2026-03-02,77.7399978637695,82.1100006103516,75.7900009155273,77.0,143671
2026-03-03,81.4000015258789,85.0500030517578,77.370002746582,78.0500030517578,229556
2026-03-04,81.4000015258789,84.4499969482422,80.3000030517578,81.9000015258789,152390
2026-03-05,85.4100036621094,86.2799987792969,81.5199966430664,82.4300003051758,146018
2026-03-06,92.6900024414063,94.5500030517578,83.1699981689453,84.8399963378906,197523
2026-03-09,98.9599990844727,119.400001525879,83.879997253418,98.3600006103516,235965
2026-03-10,87.8000030517578,95.0800018310547,81.1600036621094,92.4499969482422,144614
2026-03-11,91.9800033569336,93.25,86.3199996948242,91.3000030517578,101940
2026-03-12,100.459999084473,101.800003051758,93.6999969482422,93.7399978637695,92219
2026-03-13,103.139999389648,103.900001525879,97.5500030517578,101.660003662109,71698
2026-03-16,100.209999084473,106.51000213623,99.5599975585938,105.51000213623,77839
2026-03-17,103.419998168945,104.980003356934,100.76000213623,101.370002746582,65199
2026-03-18,107.379997253418,111.860000610352,100.339996337891,103.449996948242,73104
2026-03-19,108.650001525879,119.120002746582,103.75,109.660003662109,87485
2026-03-20,112.190002441406,113.110000610352,105.099998474121,107.669998168945,57217
2026-03-23,99.9400024414063,115.099998474121,96.25,114.900001525879,113332
2026-03-24,104.48999786377,105.040000915527,98.0899963378906,100.5,68614
2026-03-25,102.220001220703,103.400001525879,97.1500015258789,99.9899978637695,53714
2026-03-26,108.01000213623,109.059997558594,102.779998779297,103.080001831055,28970
2026-03-27,112.569999694824,114.809997558594,105.25,106.220001220703,18402
2026-03-30,112.779998779297,116.870002746582,111.5,116.139999389648,15053
2026-03-31,118.349998474121,119.269996643066,111.0,114.730003356934,69949
2026-04-01,101.160003662109,105.900001525879,98.4599990844727,103.900001525879,61629
2026-04-02,109.029998779297,109.709999084473,99.0199966430664,100.300003051758,
2026-04-06,109.769996643066,111.870002746582,106.849998474121,109.199996948242,27863
2026-04-07,109.269996643066,111.800003051758,104.569999694824,109.589996337891,65194
2026-04-08,94.75,104.0,90.0100021362305,103.400001525879,82140
2026-04-09,95.9199981689453,99.5199966430664,94.3399963378906,96.5299987792969,54501
2026-04-10,95.1999969482422,98.25,94.2399978637695,96.379997253418,35012
2026-04-13,99.3600006103516,103.860000610352,97.6399993896484,99.7099990844727,50559
2026-04-14,94.7900009155273,99.4100036621094,94.4300003051758,98.4199981689453,40991
2026-04-15,94.9300003051758,96.8899993896484,91.0,95.5199966430664,41928
2026-04-16,99.3899993896484,99.8399963378906,94.4199981689453,94.9100036621094,36540
2026-04-17,90.379997253418,98.9700012207031,86.0800018310547,98.25,85233
2026-04-20,95.4800033569336,97.8099975585938,92.7699966430664,96.2099990844727,46389
2026-04-21,98.4800033569336,101.150001525879,93.870002746582,93.9899978637695,50039
2026-04-22,101.910003662109,102.309997558594,96.5400009155273,98.9000015258789,39837
2026-04-23,105.069999694824,107.360000610352,101.279998779297,101.580001831055,54489
2026-04-24,105.330001831055,107.459999084473,103.400001525879,106.279998779297,52646
2026-04-27,108.230003356934,109.790000915527,105.849998474121,106.5,29439
2026-04-28,111.26000213623,112.690002441406,107.919998168945,108.300003051758,23451
2026-04-29,118.029998779297,120.300003051758,110.209999084473,111.01000213623,18031
2026-04-30,114.01000213623,126.099998474121,113.0,119.980003356934,58572
2026-05-01,108.169998168945,112.430000305176,106.269996643066,111.01000213623,40576
2026-05-04,114.440002441406,115.25,105.660003662109,107.129997253418,67567
2026-05-05,109.870002746582,114.449996948242,109.599998474121,113.819999694824,39713
2026-05-06,101.269996643066,110.449996948242,96.7300033569336,110.449996948242,61814
2026-05-07,100.059997558594,103.410003662109,96.0699996948242,101.529998779297,62847
2026-05-08,101.290000915527,103.959999084473,99.5400009155273,103.559997558594,34316
2026-05-11,104.209999084473,106.0,102.819999694824,104.0,35359
2026-05-12,107.769996643066,108.419998168945,104.110000610352,104.5,30738
2026-05-13,105.629997253418,108.309997558594,105.309997558594,107.73999786377,27718
2026-05-14,105.720001220703,107.080001831055,103.860000610352,105.639999389648,27529
2026-05-15,109.26000213623,109.730003356934,106.050003051758,106.569999694824,26518
2026-05-18,112.099998474121,112.690002441406,106.870002746582,109.610000610352,46404
2026-05-19,111.279998779297,111.790000915527,108.900001525879,109.550003051758,29390
2026-05-20,105.019996643066,111.5,103.279998779297,111.209999084473,53332
2026-05-21,102.580001831055,109.309997558594,102.160003662109,105.209999084473,51232
2026-05-22,103.540000915527,106.349998474121,101.379997253418,104.519996643066,35039
2026-05-26,99.5800018310547,100.75,95.9300003051758,100.550003051758,37926
2026-05-27,94.2900009155273,99.8600006103516,94.1500015258789,99.4000015258789,20553
2026-05-28,93.7099990844727,98.1600036621094,92.5599975585938,94.9700012207031,9881
2026-05-29,92.0500030517578,94.0100021362305,91.4599990844727,93.370002746582,39308
2026-06-01,94.9800033569336,97.8000030517578,92.370002746582,92.4100036621094,57796
2026-06-02,96.0,96.2600021362305,92.8199996948242,95.4000015258789,40210
2026-06-03,97.8099975585938,99.0,96.0400009155273,96.0699996948242,40867
2026-06-04,95.0299987792969,97.5699996948242,93.9199981689453,97.4300003051758,34844
2026-06-05,93.0899963378906,95.9000015258789,92.6800003051758,95.0699996948242,36817
2026-06-08,94.25,98.0500030517578,93.6699981689453,95.5,36849
2026-06-09,91.4499969482422,94.5199966430664,89.5899963378906,94.3399963378906,42857
2026-06-10,93.0999984741211,94.7300033569336,90.7900009155273,92.2600021362305,39760
2026-06-11,90.379997253418,96.3600006103516,88.4000015258789,94.879997253418,46406
2026-06-12,87.3300018310547,89.870002746582,85.8000030517578,89.2300033569336,34732
2026-06-15,83.1699981689453,85.2900009155273,82.4000015258789,85.0199966430664,28907
2026-06-16,78.9599990844727,83.8000030517578,78.4499969482422,83.5500030517578,30801
2026-06-17,79.5500030517578,82.9800033569336,77.7699966430664,79.1999969482422,25919
2026-06-18,79.8499984741211,80.0400009155273,76.5800018310547,78.3499984741211,31186
2026-06-22,77.9000015258789,82.379997253418,77.2699966430664,82.2099990844727,46574
2026-06-23,77.0800018310547,78.3399963378906,76.4400024414063,78.0599975585938,22797
2026-06-24,73.7399978637695,77.0,73.0800018310547,77.0,32834
2026-06-25,75.2600021362305,75.8399963378906,72.0800018310547,73.0999984741211,27477
2026-06-26,71.9899978637695,75.120002746582,71.4000015258789,74.9400024414063,19425
2026-06-29,73.1500015258789,73.4800033569336,71.870002746582,73.1699981689453,8613
2026-06-30,72.9199981689453,73.5299987792969,72.120002746582,72.6999969482422,39706
2026-07-01,71.5699996948242,73.5199966430664,71.0400009155273,73.379997253418,37629
2026-07-02,71.8000030517578,71.9100036621094,70.1399993896484,71.0899963378906,
2026-07-06,71.9899978637695,72.5899963378906,71.0299987792969,71.870002746582,46238
2026-07-07,74.1600036621094,76.3499984741211,72.0599975585938,72.1100006103516,58154
2026-07-08,78.0199966430664,80.5699996948242,75.4499969482422,75.9899978637695,96042
2026-07-09,76.3000030517578,79.379997253418,75.5999984741211,79.379997253418,47817
2026-07-10,76.0100021362305,77.5599975585938,75.3099975585938,75.9700012207031,39537
2026-07-13,83.3000030517578,83.8600006103516,77.2799987792969,78.0500030517578,61577
2026-07-14,84.7300033569336,87.5400009155273,83.0400009155273,83.2900009155273,115669
2026-07-15,84.9499969482422,86.5299987792969,83.3399963378906,85.2099990844727,52882
2026-07-16,84.2300033569336,86.2600021362305,83.8300018310547,85.2200012207031,39917
2026-07-17,88.0999984741211,88.3199996948242,83.7099990844727,84.8899993896484,30997
2026-07-20,89.2200012207031,91.4300003051758,86.1399993896484,89.0100021362305,50407
2026-07-21,91.0100021362305,91.9700012207031,87.879997253418,88.8899993896484,43104
2026-07-22,94.0699996948242,95.4599990844727,91.3199996948242,91.5100021362305,55526
2026-07-23,100.690002441406,102.01000213623,94.879997253418,95.2399978637695,48567
2026-07-24,96.7799987792969,101.160003662109,95.1399993896484,100.910003662109,33923
2026-07-27,88.3600006103516,93.8899993896484,87.4499969482422,93.8899993896484,34887
2026-07-28,84.0899963378906,88.0299987792969,82.5100021362305,87.9899978637695,32213
2026-07-29,90.7399978637695,91.0500030517578,84.9499969482422,84.9499969482422,22489
2026-07-30,89.0299987792969,93.1399993896484,88.8499984741211,90.4899978637695,6854
2026-07-31,90.120002746582,90.5800018310547,87.0,89.379997253418,46811
2026-08-03,83.7699966430664,84.6500015258789,81.8499984741211,83.3600006103516,38780
2026-08-04,79.3600006103516,86.3300018310547,78.6900024414063,83.5800018310547,64851
2026-08-05,79.4499969482422,80.9300003051758,78.129997253418,78.9300003051758,43282
2026-08-06,82.4899978637695,83.7699966430664,78.9800033569336,79.4300003051758,40651
2026-08-07,83.5500030517578,84.3899993896484,81.5,83.3300018310547,37626
2026-08-10,87.7200012207031,87.9199981689453,83.3399963378906,83.5599975585938,30023
2026-08-11,88.9100036621094,90.0299987792969,86.7300033569336,87.9700012207031,35498
2026-08-12,88.9800033569336,90.0699996948242,88.120002746582,89.2699966430664,35263
2026-08-13,87.0699996948242,89.0199966430664,85.870002746582,88.4700012207031,28399
2026-08-14,88.5199966430664,88.7900009155273,86.4400024414063,86.879997253418,29003
2026-08-17,90.870002746582,91.1900024414063,88.0299987792969,88.7200012207031,33602
2026-08-18,91.0199966430664,92.0100021362305,90.620002746582,91.3199996948242,22270
2026-08-19,91.620002746582,92.8000030517578,90.4199981689453,91.3099975585938,28039
2026-08-20,93.7799987792969,94.7200012207031,91.3499984741211,91.5100021362305,27355
2026-08-21,94.3899993896484,94.8099975585938,92.7699966430664,93.3300018310547,16522
2026-08-24,92.1699981689453,93.8000030517578,91.7799987792969,93.6800003051758,18474
2026-08-25,88.5800018310547,92.8399963378906,86.0899963378906,92.1800003051758,19467
2026-08-26,87.8399963378906,89.4800033569336,85.4800033569336,86.9499969482422,15243
2026-08-27,89.6999969482422,90.3399963378906,86.2900009155273,87.5599975585938,9814
2026-08-28,89.3099975585938,90.1600036621094,88.9000015258789,89.5100021362305,26729
2026-08-31,90.4899978637695,91.5,89.0299987792969,89.3099975585938,23556
2026-09-01,94.6500015258789,95.4499969482422,90.7300033569336,90.8499984741211,38404
2026-09-02,95.629997253418,97.0100021362305,93.5199966430664,95.2300033569336,41717
2026-09-03,95.5199966430664,97.6100006103516,94.0400009155273,95.3300018310547,48231
2026-09-04,96.2799987792969,96.5599975585938,93.1699981689453,95.879997253418,35106
2026-09-08,97.9199981689453,99.4499969482422,95.9700012207031,96.9000015258789,71135
2026-09-09,101.209999084473,101.709999084473,98.8300018310547,99.5299987792969,51567
2026-09-10,107.629997253418,109.050003051758,100.190002441406,101.800003051758,72538
2026-09-11,104.610000610352,110.190002441406,103.480003356934,109.160003662109,61285
2026-09-14,105.680000305176,109.779998779297,104.819999694824,106.889999389648,69743
2026-09-15,108.75,109.449996948242,105.110000610352,106.309997558594,51174
2026-09-16,105.830001831055,108.589996337891,104.059997558594,108.550003051758,52162
2026-09-17,104.819999694824,106.0,101.550003051758,105.309997558594,50042
2026-09-18,103.870002746582,105.019996643066,101.940002441406,104.089996337891,37226
2026-09-21,100.339996337891,104.98999786377,99.0,104.75,36907
2026-09-22,99.25,102.290000915527,97.3600006103516,99.879997253418,47365
2026-09-23,103.080001831055,103.860000610352,97.9300003051758,99.0500030517578,51561
2026-09-24,106.599998474121,108.230003356934,101.839996337891,103.389999389648,57116
2026-09-25,104.319999694824,106.75,103.110000610352,106.519996643066,
